"hs2012_code","ex_code","faostat_code","faostat_name","unit"
"010121",NA,1096,"HORSES","HEADS"
"010129",NA,1096,"HORSES","HEADS"
"010130",NA,1107,"ASSES","HEADS"
"010190",NA,1110,"MULES","HEADS"
"010221",NA,866,"CATTLE","HEADS"
"010229",NA,866,"CATTLE","HEADS"
"010231",NA,946,"BUFFALOES","HEADS"
"010239",NA,946,"BUFFALOES","HEADS"
"010290",NA,866,"CATTLE","HEADS"
"010290",NA,946,"BUFFALOES","HEADS"
"010310",NA,1034,"PIGS","HEADS"
"010391",NA,1034,"PIGS","HEADS"
"010392",NA,1034,"PIGS","HEADS"
"010410",NA,976,"SHEEP","HEADS"
"010420",NA,1016,"GOATS","HEADS"
"010511",NA,1057,"CHICKENS","1000 HEADS"
"010512",NA,1079,"TURKEYS","1000 HEADS"
"010513",NA,1068,"DUCKS","1000 HEADS"
"010514",NA,1072,"GEESE","1000 HEADS"
"010515",NA,1057,"CHICKENS","1000 HEADS"
"010594",NA,1057,"CHICKENS","1000 HEADS"
"010599",NA,1057,"CHICKENS","1000 HEADS"
"010599",NA,1068,"DUCKS","1000 HEADS"
"010599",NA,1072,"GEESE","1000 HEADS"
"010599",NA,1079,"TURKEYS","1000 HEADS"
"010611",NA,1169,"LIVE ANIMALS NON FOOD","$ VALUE only"
"010611",NA,1171,"ANIMALS LIVE NES","$ VALUE only"
"010612",NA,1169,"LIVE ANIMALS NON FOOD","$ VALUE only"
"010612",NA,1171,"ANIMALS LIVE NES","$ VALUE only"
"010613",NA,1126,"CAMELS","HEADS"
"010613",NA,1157,"OTHER CAMELIDS","HEADS"
"010614",NA,1140,"RABBITS","1000 HEADS"
"010619",NA,1150,"OTHER RODENTS","HEADS"
"010619",NA,1169,"LIVE ANIMALS NON FOOD","$ VALUE only"
"010619",NA,1171,"ANIMALS LIVE NES","$ VALUE only"
"010620",NA,1169,"LIVE ANIMALS NON FOOD","$ VALUE only"
"010620",NA,1171,"ANIMALS LIVE NES","$ VALUE only"
"010631",NA,1169,"LIVE ANIMALS NON FOOD","$ VALUE only"
"010631",NA,1171,"ANIMALS LIVE NES","$ VALUE only"
"010632",NA,1169,"LIVE ANIMALS NON FOOD","$ VALUE only"
"010632",NA,1171,"ANIMALS LIVE NES","$ VALUE only"
"010633",NA,1171,"ANIMALS LIVE NES","$ VALUE only"
"010639",NA,1083,"PIGEONS, OTHER BIRDS","1000 HEADS"
"010639",NA,1169,"LIVE ANIMALS NON FOOD","$ VALUE only"
"010639",NA,1171,"ANIMALS LIVE NES","$ VALUE only"
"010641",NA,1181,"BEEHIVES","NUMBER"
"010649",NA,1169,"LIVE ANIMALS NON FOOD","$ VALUE only"
"010649",NA,1171,"ANIMALS LIVE NES","$ VALUE only"
"010690",NA,1169,"LIVE ANIMALS NON FOOD","$ VALUE only"
"010690",NA,1171,"ANIMALS LIVE NES","$ VALUE only"
"020110",NA,867,"MEAT OF CATTLE (BEEF & VEAL BONE-IN)","MT"
"020110",NA,947,"MEAT OF BUFFALOES","MT"
"020120",NA,867,"MEAT OF CATTLE (BEEF & VEAL BONE-IN)","MT"
"020120",NA,947,"MEAT OF BUFFALOES","MT"
"020130",NA,870,"MEAT OF CATTLE, BONELESS (BEEF & VEAL, BONELESS)","MT"
"020130",NA,947,"MEAT OF BUFFALOES","MT"
"020210",NA,867,"MEAT OF CATTLE (BEEF & VEAL BONE-IN)","MT"
"020210",NA,947,"MEAT OF BUFFALOES","MT"
"020220",NA,867,"MEAT OF CATTLE (BEEF & VEAL BONE-IN)","MT"
"020220",NA,947,"MEAT OF BUFFALOES","MT"
"020230",NA,870,"MEAT OF CATTLE, BONELESS (BEEF & VEAL, BONELESS)","MT"
"020230",NA,947,"MEAT OF BUFFALOES","MT"
"020311",NA,1035,"MEAT OF PIGS (PIGMEAT)","MT"
"020312",NA,1035,"MEAT OF PIGS (PIGMEAT)","MT"
"020319",NA,1035,"MEAT OF PIGS (PIGMEAT)","MT"
"020319",NA,1038,"PORK","MT"
"020321",NA,1035,"MEAT OF PIGS (PIGMEAT)","MT"
"020322",NA,1035,"MEAT OF PIGS (PIGMEAT)","MT"
"020329",NA,1035,"MEAT OF PIGS (PIGMEAT)","MT"
"020329",NA,1038,"PORK","MT"
"020410",NA,977,"MEAT OF SHEEP (MUTTON & LAMB)","MT"
"020421",NA,977,"MEAT OF SHEEP (MUTTON & LAMB)","MT"
"020422",NA,977,"MEAT OF SHEEP (MUTTON & LAMB)","MT"
"020423",NA,977,"MEAT OF SHEEP (MUTTON & LAMB)","MT"
"020430",NA,977,"MEAT OF SHEEP (MUTTON & LAMB)","MT"
"020441",NA,977,"MEAT OF SHEEP (MUTTON & LAMB)","MT"
"020442",NA,977,"MEAT OF SHEEP (MUTTON & LAMB)","MT"
"020443",NA,977,"MEAT OF SHEEP (MUTTON & LAMB)","MT"
"020450",NA,1017,"MEAT OF GOATS (GOAT MEAT)","MT"
"020500",NA,1097,"MEAT OF HORSES (HORSE MEAT)","MT"
"020500",NA,1108,"MEAT OF ASSES","MT"
"020500",NA,1111,"MEAT OF MULES","MT"
"020610",NA,868,"OFFALS OF CATTLE, EDIBLE","MT"
"020610",NA,948,"OFFALS OF BUFFALOES,EDIBLE","MT"
"020621",NA,868,"OFFALS OF CATTLE, EDIBLE","MT"
"020621",NA,948,"OFFALS OF BUFFALOES,EDIBLE","MT"
"020622",NA,868,"OFFALS OF CATTLE, EDIBLE","MT"
"020622",NA,948,"OFFALS OF BUFFALOES,EDIBLE","MT"
"020629",NA,868,"OFFALS OF CATTLE, EDIBLE","MT"
"020629",NA,948,"OFFALS OF BUFFALOES,EDIBLE","MT"
"020630",NA,1036,"OFFALS OF PIGS, EDIBLE","MT"
"020641",NA,1036,"OFFALS OF PIGS, EDIBLE","MT"
"020649",NA,1036,"OFFALS OF PIGS, EDIBLE","MT"
"020680",NA,978,"OFFALS OF SHEEP,EDIBLE","MT"
"020680",NA,1018,"OFFALS OF GOATS","MT"
"020680",NA,1098,"OFFALS OF HORSES","MT"
"020680",NA,1167,"OFFALS NES","MT"
"020690",NA,978,"OFFALS OF SHEEP,EDIBLE","MT"
"020690",NA,1018,"OFFALS OF GOATS","MT"
"020690",NA,1098,"OFFALS OF HORSES","MT"
"020690",NA,1167,"OFFALS NES","MT"
"020711",NA,1058,"MEAT OF CHICKENS","MT"
"020712",NA,1058,"MEAT OF CHICKENS","MT"
"020713",NA,1058,"MEAT OF CHICKENS","MT"
"020713",NA,1059,"OFFALS LIVER CHICKEN","MT"
"020714",NA,1058,"MEAT OF CHICKENS","MT"
"020714",NA,1059,"OFFALS LIVER CHICKEN","MT"
"020724",NA,1080,"MEAT OF TURKEYS","MT"
"020725",NA,1080,"MEAT OF TURKEYS","MT"
"020726",NA,1080,"MEAT OF TURKEYS","MT"
"020726",NA,1081,"OFFALS LIVER TURKEY","MT"
"020727",NA,1080,"MEAT OF TURKEYS","MT"
"020727",NA,1081,"OFFALS LIVER TURKEY","MT"
"020741",NA,1069,"MEAT OF DUCKS","MT"
"020742",NA,1069,"MEAT OF DUCKS","MT"
"020743",NA,1075,"OFFALS LIVER DUCK","MT"
"020744",NA,1069,"MEAT OF DUCKS","MT"
"020744",NA,1075,"OFFALS LIVER DUCK","MT"
"020745",NA,1069,"MEAT OF DUCKS","MT"
"020745",NA,1075,"OFFALS LIVER DUCK",NA
"020751",NA,1073,"MEAT OF GEESE","MT"
"020752",NA,1073,"MEAT OF GEESE","MT"
"020753",NA,1074,"OFFALS LIVER GEESE","MT"
"020754",NA,1073,"MEAT OF GEESE","MT"
"020754",NA,1074,"OFFALS LIVER GEESE","MT"
"020755",NA,1073,"MEAT OF GEESE","MT"
"020755",NA,1074,"OFFALS LIVER GEESE","MT"
"020760",NA,1058,"MEAT OF CHICKENS",NA
"020810",NA,1141,"MEAT OF RABBITS","MT"
"020810",NA,1163,"MEAT OF GAME","MT"
"020810",NA,1167,"OFFALS nes","MT"
"020830",NA,1163,"MEAT OF GAME","MT"
"020830",NA,1166,"MEAT NES","MT"
"020830",NA,1167,"OFFALS nes","MT"
"020840",NA,1166,"MEAT NES","MT"
"020840",NA,1167,"OFFALS nes","MT"
"020850",NA,1166,"MEAT NES","MT"
"020850",NA,1167,"OFFALS nes","MT"
"020860",NA,1127,"MEAT OF CAMELS","MT"
"020860",NA,1128,"OFFALS OF CAMELS,EDIBLE","MT"
"020860",NA,1158,"MEAT OTH CAMELIDS","MT"
"020860",NA,1159,"OFFALS OTHER CAMELIDS","MT"
"020890",NA,1089,"PIGEON MEAT OTHER BIRDS","MT"
"020890",NA,1151,"MEAT OF other domestic rodents","MT"
"020890",NA,1163,"MEAT OF GAME","MT"
"020890",NA,1166,"MEAT NES","MT"
"020890",NA,1167,"OFFALS nes","MT"
"020910",NA,1037,"FAT OF PIGS","MT"
"020910",NA,1040,"PIG BUTCHER FAT","MT"
"020990",NA,1065,"FAT OF POULTRY","MT"
"021011",NA,1039,"BACON AND HAM","MT"
"021012",NA,1039,"BACON AND HAM","MT"
"021019",NA,1039,"BACON AND HAM","MT"
"021020",NA,872,"MEAT OF BEEF,DRD, SLTD,SMKD","MT"
"021091",NA,1164,"MEAT DRIED NES","MT"
"021092",NA,1164,"MEAT DRIED NES","MT"
"021093",NA,1164,"MEAT DRIED NES","MT"
"021099",NA,1164,"MEAT DRIED NES","MT"
"030760",NA,1176,"SNAILS, NOT SEA SNAILS","MT"
"040110",NA,888,"MILK SKM OF COWS","MT"
"040110",NA,954,"MILK SKIM OF BUF","MT"
"040110",NA,985,"MILK SKMD SHEEP","MT"
"040110",NA,1023,"MILK SKIMD GOATS","MT"
"040120",NA,882,"MILK OF COW WHOLE, FRESH","MT"
"040120",NA,883,"STANDARDIZED MILK","MT"
"040120",NA,908,"RECONSTI.TED MILK","MT"
"040120",NA,951,"MILK OF BUFFALOES","MT"
"040120",NA,982,"MILK OF SHEEP","MT"
"040120",NA,1020,"MILK OF GOATS","MT"
"040120",NA,1130,"MILK OF CAMEL","MT"
"040140",NA,882,"MILK OF COW WHOLE, FRESH","MT"
"040140",NA,883,"STANDARDIZED MILK","MT"
"040140",NA,885,"CREAM FRESH","MT"
"040140",NA,951,"MILK OF BUFFALOES","MT"
"040140",NA,982,"MILK OF SHEEP","MT"
"040140",NA,1020,"MILK OF GOATS","MT"
"040140",NA,1130,"MILK OF CAMEL","MT"
"040150",NA,882,"MILK OF COW WHOLE, FRESH","MT"
"040150",NA,883,"STANDARDIZED MILK","MT"
"040150",NA,885,"CREAM FRESH","MT"
"040150",NA,951,"MILK OF BUFFALOES","MT"
"040150",NA,982,"MILK OF SHEEP","MT"
"040150",NA,1020,"MILK OF GOATS","MT"
"040150",NA,1130,"MILK OF CAMEL","MT"
"040210",NA,898,"MILK SKIMMED DRY","MT"
"040221",NA,897,"MILK WHOLE DRIED","MT"
"040229",NA,897,"MILK WHOLE DRIED","MT"
"040291",NA,894,"MILK WHOLE EVP","MT"
"040291",NA,895,"MILK SKIMMED EVP","MT"
"040299",NA,889,"MILK WHOLE COND","MT"
"040299",NA,896,"MILK SKIMMED COND","MT"
"040310",NA,891,"YOGHURT","MT"
"040310",NA,892,"yogh conc.or not","MT"
"040390",NA,893,"butterm.,curdl, acid.milk","MT"
"040390",NA,899,"MILKDRY BUTTRMILK","MT"
"040410",NA,890,"WHEY CONDENSED","MT"
"040410",NA,900,"WHEY DRY","MT"
"040410",NA,903,"WHEY FRESH","MT"
"040490",NA,909,"prod.of nat.milk constit","MT"
"040510",NA,886,"BUTTER COW MILK","MT"
"040510",NA,952,"BUTTER OF BUFMILK","MT"
"040510",NA,983,"BUTTER,GHEE OF SHEEP MILK","MT"
"040510",NA,1022,"BUTTER OF GOAT MLK","MT"
"040520",NA,886,"BUTTER COW MILK","MT"
"040520",NA,952,"BUTTER OF BUFMILK","MT"
"040520",NA,983,"BUTTER,GHEE OF SHEEP MILK","MT"
"040520",NA,1022,"BUTTER OF GOAT MLK","MT"
"040590",NA,887,"GHEE,BUTTEROIL OF COW MILK","MT"
"040590",NA,953,"GHEE OIL OF BUF","MT"
"040590",NA,1022,"BUTTER OF GOAT MLK","MT"
"040610",NA,901,"CHEESE OF WHOLE COW MILK","MT"
"040610",NA,904,"CHEESE OF SKIMMED COW MILK","MT"
"040610",NA,905,"WHEY CHEESE","MT"
"040610",NA,955,"CHEESE OF BUFMILK","MT"
"040610",NA,984,"CHEESE OF SHMILK","MT"
"040610",NA,1021,"CHEESE OF GOAT MLK","MT"
"040620",NA,901,"CHEESE OF WHOLE COW MILK","MT"
"040630",NA,907,"PROCESSED CHEESE","MT"
"040640",NA,901,"CHEESE OF WHOLE COW MILK","MT"
"040690",NA,901,"CHEESE OF WHOLE COW MILK","MT"
"040711",NA,1062,"HEN EGGS","MT"
"040719",NA,1091,"EGGS EXCL HENEGGS","MT"
"040721",NA,1062,"HEN EGGS","MT"
"040729",NA,1091,"EGGS EXCL HENEGGS","MT"
"040790",NA,1062,"HEN EGGS","MT"
"040790",NA,1091,"EGGS EXCL HENEGGS","MT"
"040811",NA,1064,"EGGS DRIED","MT"
"040819",NA,1063,"EGGS LIQUID","MT"
"040891",NA,1064,"EGGS DRIED","MT"
"040899",NA,1063,"EGGS LIQUID","MT"
"040900",NA,1182,"HONEY NATURAL","MT"
"041000",NA,1232,"FOOD PREP NES","Mt"
"050100",NA,1293,"CRUDE MATERIALS","$ VALUE only"
"050210",NA,1293,"CRUDE MATERIALS","$ VALUE only"
"050290",NA,1293,"CRUDE MATERIALS","$ VALUE only"
"050400",NA,1293,"CRUDE MATERIALS","$ VALUE only"
"050510",NA,1293,"CRUDE MATERIALS","$ VALUE only"
"050590",NA,1293,"CRUDE MATERIALS","$ VALUE only"
"050610",NA,1293,"CRUDE MATERIALS","$ VALUE only"
"050690",NA,1293,"CRUDE MATERIALS","$ VALUE only"
"050710",NA,1293,"CRUDE MATERIALS","$ VALUE only"
"050790",NA,1293,"CRUDE MATERIALS","$ VALUE only"
"050800",NA,1293,"CRUDE MATERIALS","$ VALUE only"
"051000",NA,1293,"CRUDE MATERIALS","$ VALUE only"
"051110",NA,1293,"CRUDE MATERIALS","$ VALUE only"
"051191",NA,1293,"CRUDE MATERIALS","$ VALUE only"
"051199",NA,1293,"CRUDE MATERIALS","$ VALUE only"
"060110",NA,1293,"CRUDE MATERIALS","$ VALUE only"
"060120",NA,1293,"CRUDE MATERIALS","$ VALUE only"
"060210",NA,1293,"CRUDE MATERIALS","$ VALUE only"
"060220",NA,1293,"CRUDE MATERIALS","$ VALUE only"
"060230",NA,1293,"CRUDE MATERIALS","$ VALUE only"
"060240",NA,1293,"CRUDE MATERIALS","$ VALUE only"
"060290",NA,1293,"CRUDE MATERIALS","$ VALUE only"
"060311",NA,1293,"CRUDE MATERIALS","$ VALUE only"
"060312",NA,1293,"CRUDE MATERIALS","$ VALUE only"
"060313",NA,1293,"CRUDE MATERIALS","$ VALUE only"
"060314",NA,1293,"CRUDE MATERIALS","$ VALUE only"
"060315",NA,1293,"CRUDE MATERIALS","$ VALUE only"
"060319",NA,1293,"CRUDE MATERIALS","$ VALUE only"
"060390",NA,1293,"CRUDE MATERIALS","$ VALUE only"
"060420",NA,1293,"CRUDE MATERIALS","$ VALUE only"
"060490",NA,1293,"CRUDE MATERIALS","$ VALUE only"
"070110",NA,116,"POTATOES","MT"
"070190",NA,116,"POTATOES","MT"
"070200",NA,388,"TOMATOES FRESH","MT"
"070310",NA,402,"ONIONS; SHALLOTS GREEN","MT"
"070310",NA,403,"ONIONS DRY","MT"
"070320",NA,406,"GARLIC","MT"
"070390",NA,407,"LEEKS AND OTHER ALLIACEOUS VEGETABLES","MT"
"070410",NA,393,"CAULIFLOWER","MT"
"070420",NA,358,"CABBAGES","MT"
"070490",NA,358,"CABBAGES","MT"
"070511",NA,372,"LETTUCE","MT"
"070519",NA,372,"LETTUCE","MT"
"070521",NA,372,"LETTUCE","MT"
"070529",NA,372,"LETTUCE","MT"
"070610",NA,426,"CARROTS","MT"
"070610",NA,463,"VEGETABLES FRESH NES","MT"
"070690",NA,463,"VEGETABLES FRESH NES","MT"
"070700",NA,397,"CUCUMBERS, GHERKINS","MT"
"070810",NA,417,"PEAS GREEN","MT"
"070820",NA,414,"BEANS GREEN","MT"
"070820",NA,423,"STRING BEANS","MT"
"070890",NA,420,"BROADBEANS GREEN","MT"
"070920",NA,367,"ASPARAGUS","MT"
"070930",NA,399,"EGGPLANTS","MT"
"070940",NA,463,"VEGETABLES FRESH NES","MT"
"070951",NA,449,"MUSHROOMS","MT"
"070959",NA,449,"MUSHROOMS","MT"
"070960",NA,401,"CHILLIES,PEPPERS GREEN","MT"
"070970",NA,373,"SPINACH","MT"
"070991",NA,366,"Artichokes ",NA
"070992",NA,260,"OLIVES","MT"
"070993",NA,394,"PUMPKINS,SQUASH, GOURDS","MT"
"070999",NA,378,"CASSAVA LEAVES","MT"
"070999",NA,430,"OKRA","MT"
"070999",NA,446,"GREEN CORN (MAIZE)","MT"
"070999",NA,463,"VEGETABLES FRESH NES","MT"
"071010",NA,118,"FROZEN POTATOES","MT"
"071021",NA,473,"VEGETABLE FROZEN","MT"
"071022",NA,473,"VEGETABLE FROZEN","MT"
"071029",NA,473,"VEGETABLE FROZEN","MT"
"071030",NA,473,"VEGETABLE FROZEN","MT"
"071040",NA,447,"SWEET CORN FROZEN","MT"
"071080",NA,473,"VEGETABLE FROZEN","MT"
"071090",NA,473,"VEGETABLE FROZEN","MT"
"071120",NA,262,"OLIVES PRESERVED","MT"
"071140",NA,474,"VEG.IN TEM. PRESERVATIVES","MT"
"071151",NA,474,"VEG.IN TEM. PRESERVATIVES","MT"
"071159",NA,474,"VEG.IN TEM. PRESERVATIVES","MT"
"071190",NA,474,"VEG.IN TEM. PRESERVATIVES","MT"
"071220",NA,469,"VEGETABLES DEHYDRATED","MT"
"071231",NA,450,"DRIED MUSHROOMS","MT"
"071232",NA,450,"DRIED MUSHROOMS","MT"
"071233",NA,450,"DRIED MUSHROOMS","MT"
"071239",NA,450,"DRIED MUSHROOMS","MT"
"071290",NA,469,"VEGETABLES DEHYDRATED","MT"
"071310",NA,187,"PEAS DRY","MT"
"071320",NA,191,"CHICK-PEAS","MT"
"071331",NA,176,"BEANS DRY","MT"
"071332",NA,176,"BEANS DRY","MT"
"071333",NA,176,"BEANS DRY","MT"
"071334",NA,203,"BAMBARA BEANS","MT"
"071335",NA,195,"COW PEAS DRY","MT"
"071339",NA,176,"BEANS DRY","MT"
"071340",NA,201,"LENTILS","MT"
"071350",NA,181,"BROAD BEANS DRY","MT"
"071360",NA,197,"PIGEON PEAS","MT"
"071390",NA,211,"PULSES, NES","MT"
"071410",NA,125,"Cassava","MT"
"071410",NA,128,"CASSAVA DRIED","MT"
"071420",NA,122,"SWEET POTATOES","MT"
"071430",NA,137,"YAMS","MT"
"071440",NA,136,"TARO (COCOYAM)","MT"
"071450",NA,135,"YAUTIA (COCOYAM)","MT"
"071490",NA,149,"ROOTS AND TUBERS, NES","MT"
"071490",NA,151,"ROOTS AND TUBERS DRIED","MT"
"080111",NA,250,"COCONUTS DESICCATED","MT"
"080112",NA,249,"COCONUTS","MT"
"080119",NA,249,"COCONUTS","MT"
"080121",NA,216,"BRAZIL NUTS IN SHELL","MT"
"080122",NA,229,"BRAZIL NUTS SHELLED","MT"
"080131",NA,217,"CASHEW NUTS IN SHELL","MT"
"080132",NA,230,"CASHEW NUTS SHELLED","MT"
"080211",NA,221,"ALMONDS IN SHELL","MT"
"080212",NA,231,"ALMONDS SHELLED","MT"
"080221",NA,225,"HAZELNUTS (FILBERTS) IN SHELL","MT"
"080222",NA,233,"HAZELNUTS SHELLED","MT"
"080231",NA,222,"WALNUTS IN SHELL","MT"
"080232",NA,232,"WALNUTS SHELLED","MT"
"080241",NA,220,"CHESTNUTS","MT"
"080242",NA,220,"CHESTNUTS","MT"
"080251",NA,223,"PISTACHIOS","MT"
"080252",NA,223,"PISTACHIOS","MT"
"080261",NA,234,"Nuts nes (MACADAMIA NUTS)","MT"
"080262",NA,234,"Nuts nes (MACADAMIA NUTS)","MT"
"080270",NA,224,"KOLANUTS","MT"
"080280",NA,226,"ARECANUTS","MT"
"080290",NA,234,"NUTS, NES","MT"
"080310",NA,489,"PLANTAINS","MT"
"080390",NA,486,"BANANAS","MT"
"080390",NA,604,"FRUIT TROPICAL DRIED NES","MT"
"080410",NA,577,"DATES","MT"
"080420",NA,569,"FIGS","MT"
"080420",NA,570,"FIGS DRIED","MT"
"080430",NA,574,"PINEAPPLES","MT"
"080440",NA,572,"AVOCADOS","MT"
"080450",NA,571,"MANGOES","MT"
"080450",NA,603,"FRUIT TROPICAL FRESH NES","MT"
"080450",NA,604,"FRUIT TROPICAL DRIED NES","MT"
"080510",NA,490,"ORANGES","MT"
"080520",NA,495,"TANG.MAND. CLEMENT.SATSMA","MT"
"080540",NA,507,"GRAPEFRUIT&POMELO 0","MT"
"080550",NA,497,"LEMONS AND LIMES","MT"
"080590",NA,512,"CITRUS FRUIT NES","MT"
"080610",NA,560,"GRAPES","MT"
"080620",NA,561,"RAISINS","MT"
"080711",NA,567,"WATERMELONS","MT"
"080719",NA,568,"MELONS INCL. CANTALOUPES","MT"
"080720",NA,600,"PAPAYAS","MT"
"080810",NA,515,"APPLES","MT"
"080830",NA,521,"PEARS","MT"
"080840",NA,523,"QUINCES","MT"
"080910",NA,526,"APRICOTS","MT"
"080921",NA,530,"SOUR CHERRIES","MT"
"080929",NA,531,"CHERRIES","MT"
"080930",NA,534,"PEACHES AND NECTARINES","MT"
"080940",NA,536,"PLUMS","MT"
"081010",NA,544,"STRAWBERRIES","MT"
"081020",NA,547,"RASPBERRIES","MT"
"081020",NA,558,"BERRIES NES","MT"
"081030",NA,549,"GOOSBERRIES","MT"
"081030",NA,550,"CURRANTS","MT"
"081040",NA,552,"BLUEBERRIES","MT"
"081040",NA,554,"CRANBERRIES","MT"
"081040",NA,558,"BERRIES NES","MT"
"081050",NA,592,"kiwi fruit","MT"
"081060",NA,603,"FRUIT TROPICAL FRESH NES","MT"
"081070",NA,587,"PERSIMMONS","MT"
"081090",NA,541,"FRUITSTONE FR.NES","MT"
"081090",NA,591,"CASHEWAPPLE","MT"
"081090",NA,619,"FRUIT FRESH NES","MT"
"081110",NA,623,"FRUIT Prp NES","MT"
"081120",NA,623,"FRUIT Prp NES","MT"
"081190",NA,623,"FRUIT Prp NES","MT"
"081210",NA,623,"FRUIT Prp NES","MT"
"081290",NA,623,"FRUIT Prp NES","MT"
"081310",NA,527,"DRY APRICOTS","MT"
"081320",NA,537,"PLUMS DRIED (PRUNES)","MT"
"081330",NA,620,"FRUIT DRIED NES","MT"
"081340",NA,620,"FRUIT DRIED NES","MT"
"081350",NA,620,"FRUIT DRIED NES","MT"
"081400",NA,623,"FRUIT Prp NES","MT"
"090111",NA,656,"COFFEE GREEN","MT"
"090112",NA,656,"COFFEE GREEN","MT"
"090121",NA,657,"COFFEE ROASTED","MT"
"090122",NA,657,"COFFEE ROASTED","MT"
"090190",NA,658,"COFFEE SUBST. CONT.COFFEE","MT"
"090190",NA,660,"Coffee husks and skins","MT"
"090210",NA,667,"TEA","MT"
"090220",NA,667,"TEA","MT"
"090230",NA,667,"TEA","MT"
"090240",NA,667,"TEA","MT"
"090300",NA,671,"MATE","MT"
"090411",NA,687,"PEPPER","MT"
"090412",NA,687,"PEPPER","MT"
"090421",NA,689,"PIMENTO","MT"
"090422",NA,689,"PIMENTO","MT"
"090510",NA,692,"VANILLA","MT"
"090520",NA,692,"VANILLA","MT"
"090611",NA,693,"CINNAMON(CANELLA)","MT"
"090619",NA,693,"CINNAMON(CANELLA)","MT"
"090620",NA,693,"CINNAMON(CANELLA)","MT"
"090710",NA,698,"CLOVESWHOLE STEM","MT"
"090720",NA,698,"CLOVESWHOLE STEM","MT"
"090811",NA,702,"NUTMEG MACE CARDAMONS","MT"
"090812",NA,702,"NUTMEG MACE CARDAMONS","MT"
"090821",NA,702,"NUTMEG MACE CARDAMONS","MT"
"090822",NA,702,"NUTMEG MACE CARDAMONS","MT"
"090831",NA,702,"NUTMEG MACE CARDAMONS","MT"
"090832",NA,702,"NUTMEG MACE CARDAMONS","MT"
"090921",NA,711,"ANISE BADIAN FENNEL","MT"
"090922",NA,711,"ANISE BADIAN FENNEL","MT"
"090931",NA,711,"ANISE BADIAN FENNEL","MT"
"090932",NA,711,"ANISE BADIAN FENNEL","MT"
"090961",NA,711,"ANISE BADIAN FENNEL","MT"
"090962",NA,711,"ANISE BADIAN FENNEL","MT"
"091011",NA,720,"GINGER","MT"
"091012",NA,720,"GINGER","MT"
"091020",NA,723,"SPICES NES","MT"
"091030",NA,723,"SPICES NES","MT"
"091091",NA,723,"SPICES NES","MT"
"091099",NA,723,"SPICES NES","MT"
"100111",NA,15,"WHEAT","MT"
"100119",NA,15,"WHEAT","MT"
"100191",NA,15,"WHEAT","MT"
"100199",NA,15,"WHEAT","MT"
"100210",NA,71,"RYE","MT"
"100290",NA,71,"RYE","MT"
"100310",NA,44,"BARLEY","MT"
"100390",NA,44,"BARLEY","MT"
"100410",NA,75,"OATS","MT"
"100490",NA,75,"OATS","MT"
"100510",NA,56,"MAIZE","MT"
"100590",NA,56,"MAIZE","MT"
"100610",NA,27,"RICE PADDY","MT"
"100620",NA,28,"RICE HUSKED","MT"
"100630",NA,29,"MILLED/HUSKED RICE","MT"
"100630",NA,31,"RICE MILLED","MT"
"100640",NA,32,"RICE BROKEN","MT"
"100710",NA,83,"SORGHUM","MT"
"100790",NA,83,"SORGHUM","MT"
"100810",NA,89,"BUCKWHEAT","MT"
"100821",NA,79,"MILLET","MT"
"100829",NA,79,"MILLET","MT"
"100830",NA,101,"CANARY SEED","MT"
"100840",NA,94,"FONIO","MT"
"100850",NA,92,"QUINOA","MT"
"100860",NA,97,"TRITICALE","MT"
"100890",NA,103,"MIXED GRAIN","MT"
"100890",NA,108,"CEREALS NES","MT"
"110100",NA,16,"FLOUR OF WHEAT","MT"
"110220",NA,58,"FLOUR OF MAIZE","MT"
"110290",NA,38,"RICE FLOUR","MT"
"110290",NA,48,"BARLEY FLOUR AND GRITS","MT"
"110290",NA,72,"FLOUR OF RYE","MT"
"110290",NA,80,"FLOUR OF MILLET","MT"
"110290",NA,84,"FLOUR OF SORGHUM","MT"
"110290",NA,90,"FLOUR OF BUCKWHEAT","MT"
"110290",NA,95,"FLOUR OF FONIO","MT"
"110290",NA,98,"FLOUR OF TRITICALE","MT"
"110290",NA,104,"FLOUR OF MIXED GRAIN","MT"
"110290",NA,111,"FLOUR OF CEREALS","MT"
"110311",NA,16,"FLOUR OF WHEAT","MT"
"110313",NA,58,"FLOUR OF MAIZE","MT"
"110319",NA,38,"RICE FLOUR","MT"
"110319",NA,48,"BARLEY FLOUR AND GRITS","MT"
"110319",NA,72,"FLOUR OF RYE","MT"
"110319",NA,80,"FLOUR OF MILLET","MT"
"110319",NA,84,"FLOUR OF SORGHUM","MT"
"110319",NA,90,"FLOUR OF BUCKWHEAT","MT"
"110319",NA,95,"FLOUR OF FONIO","MT"
"110319",NA,98,"FLOUR OF TRITICALE","MT"
"110319",NA,104,"FLOUR OF MIXED GRAIN","MT"
"110319",NA,111,"FLOUR OF CEREALS","MT"
"110320",NA,16,"FLOUR OF WHEAT","MT"
"110320",NA,38,"RICE FLOUR","MT"
"110320",NA,48,"BARLEY FLOUR AND GRITS","MT"
"110320",NA,58,"FLOUR OF MAIZE","MT"
"110320",NA,72,"FLOUR OF RYE","MT"
"110320",NA,80,"FLOUR OF MILLET","MT"
"110320",NA,84,"FLOUR OF SORGHUM","MT"
"110320",NA,90,"FLOUR OF BUCKWHEAT","MT"
"110320",NA,95,"FLOUR OF FONIO","MT"
"110320",NA,98,"FLOUR OF TRITICALE","MT"
"110320",NA,104,"FLOUR OF MIXED GRAIN","MT"
"110320",NA,111,"FLOUR OF CEREALS","MT"
"110412",NA,76,"OATS ROLLED","MT"
"110419",NA,45,"POT BARLEY","MT"
"110419",NA,46,"BARLEY PEARLED","MT"
"110419",NA,113,"CEREAL PREPARATIONS, NES","MT"
"110422",NA,76,"OATS ROLLED","MT"
"110423",NA,113,"CEREAL PREPARATIONS, NES","MT"
"110429",NA,21,"BULGUR","MT"
"110429",NA,45,"POT BARLEY","MT"
"110429",NA,46,"BARLEY PEARLED","MT"
"110429",NA,113,"CEREAL PREPARATIONS, NES","MT"
"110430",NA,19,"GERM OF WHEAT","MT"
"110430",NA,57,"GERM OF MAIZE","MT"
"110510",NA,117,"POTATOES FLOUR","MT"
"110520",NA,117,"POTATOES FLOUR","MT"
"110610",NA,212,"FLOUR OF PULSES","MT"
"110620",NA,126,"FLOUR OF CASSAVA","MT"
"110620",NA,150,"FLOUR OF ROOTS AND TUBERS","MT"
"110630",NA,624,"FLOUR OF FRUITS","MT"
"110710",NA,49,"MALT","MT"
"110720",NA,49,"MALT","MT"
"110811",NA,23,"STARCH OF WHEAT","MT"
"110812",NA,64,"STARCH OF MAIZE","MT"
"110813",NA,119,"STARCH OF POTATOES","MT"
"110814",NA,129,"CASSAVA STARCH","MT"
"110819",NA,34,"STARCH OF RICE","MT"
"110900",NA,24,"GLUTEN OF WHEAT","MT"
"120110",NA,236,"SOYBEANS","MT"
"120190",NA,236,"SOYBEANS","MT"
"120230",NA,242,"GROUNDNUTS IN SHELL","MT"
"120241",NA,242,"GROUNDNUTS IN SHELL","MT"
"120242",NA,243,"GROUNDNUTS SHELLED","MT"
"120300",NA,251,"COPRA","MT"
"120400",NA,333,"LINSEED","MT"
"120510",NA,270,"RAPESEED","MT"
"120590",NA,270,"RAPESEED","MT"
"120600",NA,267,"SUNFLOWER SEED","MT"
"120710",NA,256,"PALMNUT KERNELS","MT"
"120721",NA,329,"COTTONSEED","MT"
"120729",NA,329,"COTTONSEED","MT"
"120730",NA,265,"CASTOR BEANS","MT"
"120740",NA,289,"SESAME SEED","MT"
"120750",NA,292,"MUSTARD SEED","MT"
"120760",NA,280,"SAFFLOWER SEED","MT"
"120770",NA,299,"Melonseeds","MT"
"120791",NA,296,"POPPY SEED","MT"
"120799",NA,263,"KARITE NUTS (SHEANUTS)","MT"
"120799",NA,275,"TUNG NUTS","MT"
"120799",NA,277,"JOJOBA SEEDS","MT"
"120799",NA,305,"TALLOWTREE SEEDS","MT"
"120799",NA,311,"KAPOKSEED IN SHELL","MT"
"120799",NA,312,"KAPOKSEED SHELLED","MT"
"120799",NA,336,"HEMPSEED","MT"
"120799",NA,339,"OILSEEDS, NES","MT"
"120810",NA,343,"FLOUR OF OILSEEDS","MT"
"120890",NA,343,"FLOUR OF OILSEEDS","MT"
"120910",NA,1294,"SEEDS FOR PLANTING","MT"
"120921",NA,1294,"SEEDS FOR PLANTING","MT"
"120922",NA,1294,"SEEDS FOR PLANTING","MT"
"120923",NA,1294,"SEEDS FOR PLANTING","MT"
"120924",NA,1294,"SEEDS FOR PLANTING","MT"
"120925",NA,1294,"SEEDS FOR PLANTING","MT"
"120929",NA,1294,"SEEDS FOR PLANTING","MT"
"120930",NA,1294,"SEEDS FOR PLANTING","MT"
"120991",NA,1294,"SEEDS FOR PLANTING","MT"
"120999",NA,1294,"SEEDS FOR PLANTING","MT"
"121010",NA,677,"HOPS","MT"
"121020",NA,677,"HOPS","MT"
"121120",NA,1293,"CRUDE MATERIALS","$ VALUE only"
"121130",NA,1293,"CRUDE MATERIALS","$ VALUE only"
"121140",NA,1293,"CRUDE MATERIALS","$ VALUE only"
"121190",NA,748,"PEPPERMINT","MT"
"121190",NA,754,"PYRETHRUM,DRIED","MT"
"121190",NA,756,"PYRETHRUM Marc","MT"
"121190",NA,1293,"CRUDE MATERIALS","$ VALUE only"
"121221",NA,1293,"CRUDE MATERIALS","$ VALUE only"
"121229",NA,1293,"CRUDE MATERIALS","$ VALUE only"
"121291",NA,157,"SUGAR BEET","MT"
"121292",NA,461,"Carobs","MT"
"121293",NA,156,"SUGAR CANE","MT"
"121294",NA,459,"CHICORY ROOTS","MT"
"121299",NA,161,"SUGAR CROPS, NES","MT"
"121299",NA,460,"VEG.PROD.FRESH OR DRIED","MT"
"121300",NA,635,"STRAW HUSKS","MT"
"121410",NA,862,"alfalfa meal and pellets","MT"
"121490",NA,205,"VETCHES","MT"
"121490",NA,210,"LUPINS","MT"
"121490",NA,636,"MAIZE FOR FORAGE;SILAGE","MT"
"121490",NA,637,"SORGUM FOR FORAGE; SILAGE","MT"
"121490",NA,638,"RYE GRASS FOR FORAGE; SIL.","MT"
"121490",NA,639,"GRASSES NES FOR FORAGE;SIL","MT"
"121490",NA,640,"CLOVER FOR FORAGE;SILAGE","MT"
"121490",NA,641,"ALFALFA FOR FORAGE;SILAGE","MT"
"121490",NA,642,"GREEN OILSEEDS FOR SILAGE","MT"
"121490",NA,643,"LEGUMINOUS FOR SILAGE","MT"
"121490",NA,644,"CABBAGE FOR FODDER","MT"
"121490",NA,645,"PUMPKINS FOR FODDER","MT"
"121490",NA,646,"TURNIPS FOR FODDER","MT"
"121490",NA,647,"BEETS FOR FODDER","MT"
"121490",NA,648,"CARROTS FOR FODDER","MT"
"121490",NA,649,"SWEDES FOR FODDER","MT"
"121490",NA,651,"FORAGE PRODUCTS","MT"
"121490",NA,655,"VEGETABLES ROOTS FODDER","MT"
"121490",NA,857,"HAY NON LEGUM","MT"
"121490",NA,858,"HAY (CLOVER, LUCERNE,ETC)","MT"
"121490",NA,859,"HAY (UNSPECIFIED)","MT"
"130120",NA,1291,"ARABIC GUMS","MT"
"130190",NA,1292,"OTHER RESINS","MT"
"130211",NA,1293,"CRUDE MATERIALS","$ VALUE only"
"130212",NA,1293,"CRUDE MATERIALS","$ VALUE only"
"130213",NA,1293,"CRUDE MATERIALS","$ VALUE only"
"130219",NA,1293,"CRUDE MATERIALS","$ VALUE only"
"130220",NA,1293,"CRUDE MATERIALS","$ VALUE only"
"130231",NA,1293,"CRUDE MATERIALS","$ VALUE only"
"130232",NA,1293,"CRUDE MATERIALS","$ VALUE only"
"130239",NA,1293,"CRUDE MATERIALS","$ VALUE only"
"140110",NA,1293,"CRUDE MATERIALS","$ VALUE only"
"140120",NA,1293,"CRUDE MATERIALS","$ VALUE only"
"140190",NA,1293,"CRUDE MATERIALS","$ VALUE only"
"140420",NA,770,"COTTON LINTER","MT"
"140490",NA,1293,"CRUDE MATERIALS","$ VALUE only"
"150110",NA,1043,"LARD","MT"
"150120",NA,1043,"LARD","MT"
"150190",NA,1066,"FAT OF PTRY REND","MT"
"150210",NA,1225,"TALLOW","MT"
"150290",NA,869,"FAT OF CATTLE","MT"
"150290",NA,871,"CATTLE BUTCH.FAT","MT"
"150290",NA,949,"FAT OF BUFFALOES","MT"
"150290",NA,979,"FAT OF SHEEP","MT"
"150290",NA,1019,"FAT OF GOATS","MT"
"150300",NA,1221,"LARD STEARINE OIL","MT"
"150410",NA,1223,"OIL FISH,MAR MAMM","MT"
"150420",NA,1223,"OIL FISH,MAR MAMM","MT"
"150430",NA,1223,"OIL FISH,MAR MAMM","MT"
"150500",NA,994,"GREASE INCL.","MT"
"150600",NA,1129,"FAT OF CAMELS","MT"
"150600",NA,1160,"FAT OTHER CAM","MT"
"150600",NA,1168,"OILS,FATS OF ANIMAL NES","MT"
"150710",NA,237,"OIL OF SOYBEANS","MT"
"150790",NA,237,"OIL OF SOYBEANS","MT"
"150810",NA,244,"OIL OF GROUNDNUTS","MT"
"150890",NA,244,"OIL OF GROUNDNUTS","MT"
"150910",NA,261,"OIL OF OLIVES, VIRGIN","MT"
"150990",NA,261,"OIL OF OLIVES, VIRGIN","MT"
"151000",NA,274,"OIL OF OLIVE RESIDUES","MT"
"151110",NA,257,"OIL OF PALM","MT"
"151190",NA,257,"OIL OF PALM","MT"
"151211",NA,268,"OIL OF SUNFLOWER SEED","MT"
"151211",NA,281,"OIL OF SAFFLOWER SEED","MT"
"151219",NA,268,"OIL OF SUNFLOWER SEED","MT"
"151219",NA,281,"OIL OF SAFFLOWER SEED","MT"
"151221",NA,331,"OIL OF COTTONSEED","MT"
"151229",NA,331,"OIL OF COTTONSEED","MT"
"151311",NA,252,"OIL OF COCONUTS","MT"
"151319",NA,252,"OIL OF COCONUTS","MT"
"151321",NA,258,"OIL PALM KERNEL","MT"
"151329",NA,258,"OIL PALM KERNEL","MT"
"151411",NA,271,"OIL OF RAPESEED","MT"
"151411",NA,293,"OIL OF MUSTARD SEED","MT"
"151419",NA,271,"OIL OF RAPESEED","MT"
"151419",NA,293,"OIL OF MUSTARD SEED","MT"
"151491",NA,271,"OIL OF RAPESEED","MT"
"151491",NA,293,"OIL OF MUSTARD SEED","MT"
"151499",NA,271,"OIL OF RAPESEED","MT"
"151499",NA,293,"OIL OF MUSTARD SEED","MT"
"151511",NA,334,"OIL OF LINSEED","MT"
"151519",NA,334,"OIL OF LINSEED","MT"
"151521",NA,60,"OIL OF MAIZE","MT"
"151529",NA,60,"OIL OF MAIZE","MT"
"151530",NA,266,"OIL OF CASTOR BEANS","MT"
"151550",NA,290,"OIL OF SESAME SEED","MT"
"151590",NA,36,"OIL OF RICE BRAN","MT"
"151590",NA,264,"BUTTER OF KARITE NUTS","MT"
"151590",NA,278,"OIL OF JOJOBA","MT"
"151590",NA,297,"OIL OF POPPY SEED","MT"
"151590",NA,306,"VEGETABLE TALLOW","MT"
"151590",NA,307,"STILLINGIA OIL","MT"
"151590",NA,313,"OIL OF KAPOK","MT"
"151590",NA,337,"OIL OF HEMPSEED","MT"
"151590",NA,340,"OIL OF VEGETABLE ORIGIN, NES","MT"
"151610",NA,1275,"OIL HYDROGENATED","MT"
"151620",NA,1273,"castor oil hydr (opal wax","MT"
"151620",NA,1275,"OIL HYDROGENATED","MT"
"151710",NA,1242,"MARGARINE SHORT","MT"
"151790",NA,1241,"LIQUID MARGARINE","MT"
"151790",NA,1243,"FAT PREP NES","MT"
"151800",NA,1274,"OIL BOILED ETC","MT"
"152110",NA,1296,"WAXES VEGETABLE","MT"
"152190",NA,1183,"BEESWAX","MT"
"152190",NA,1295,"SPERMACETI","MT"
"152200",NA,1222,"DEGRAS","MT"
"152200",NA,1277,"RES.FATTY SUBS","MT"
"160100",NA,874,"SAUSAGE BEEF&VEAL","MT"
"160100",NA,1041,"SAUSAGES OF PIG MEAT","MT"
"160210",NA,877,"homogen.meat prp.","MT"
"160220",NA,878,"liver prep.","MT"
"160220",NA,1060,"fat liver prep (foie gras","MT"
"160231",NA,1061,"MEAT OF CHIK CAN","MT"
"160232",NA,1061,"MEAT OF CHIK CAN","MT"
"160239",NA,1061,"MEAT OF CHIK CAN","MT"
"160241",NA,1042,"PREP OF PIG MEAT","MT"
"160242",NA,1042,"PREP OF PIG MEAT","MT"
"160249",NA,1042,"PREP OF PIG MEAT","MT"
"160250",NA,875,"PREPARATIONS OF BEEF MEAT","MT"
"160290",NA,1172,"PREPARED MEAT NES","MT"
"160300",NA,873,"MEAT EXTRACTS","MT"
"170112",NA,162,"SUGAR RAW CENTRIFUGAL","MT"
"170112",NA,163,"SUGAR NON- CENTRIFUGAL","MT"
"170113",NA,162,"SUGAR RAW CENTRIFUGAL","MT"
"170113",NA,163,"SUGAR NON- CENTRIFUGAL","MT"
"170114",NA,162,"SUGAR RAW CENTRIFUGAL","MT"
"170114",NA,163,"SUGAR NON- CENTRIFUGAL","MT"
"170191",NA,164,"SUGAR REFINED","MT"
"170199",NA,164,"SUGAR REFINED","MT"
"170211",NA,173,"LACTOSE","MT"
"170219",NA,173,"LACTOSE","MT"
"170220",NA,160,"MAPLE SUGAR AND SYRUPS","MT"
"170230",NA,172,"GLUCOSE AND DEXTROSE","MT"
"170240",NA,172,"GLUCOSE AND DEXTROSE","MT"
"170250",NA,154,"FRUCTOSE CHEMICALLY PURE","MT"
"170260",NA,166,"OTHER FRUCTOSE AND SYRUP","MT"
"170290",NA,155,"MALTOSE CHEMICALLY PURE","MT"
"170290",NA,167,"SUGAR AND SYRUPS, NES","MT"
"170290",NA,175,"ISOGLUCOSE","MT"
"170310",NA,165,"MOLASSES","MT"
"170390",NA,165,"MOLASSES","MT"
"170410",NA,168,"SUGAR CONFECTIONERY","MT"
"170490",NA,168,"SUGAR CONFECTIONERY","MT"
"180100",NA,661,"COCOA BEANS","MT"
"180200",NA,663,"COCOAHUSKS;SHELL","MT"
"180310",NA,662,"COCOA PASTE","MT"
"180320",NA,665,"COCOAPOWDER&CAKE","MT"
"180400",NA,664,"COCOA BUTTER","MT"
"180500",NA,665,"COCOAPOWDER&CAKE","MT"
"180610",NA,666,"CHOCOLATE PRSNES","MT"
"180620",NA,666,"CHOCOLATE PRSNES","MT"
"180631",NA,666,"CHOCOLATE PRSNES","MT"
"180632",NA,666,"CHOCOLATE PRSNES","MT"
"180690",NA,666,"CHOCOLATE PRSNES","MT"
"190110",NA,109,"INFANT FOOD","MT"
"190120",NA,114,"MIXES AND DOUGHS","MT"
"190190",NA,50,"MALT EXTRACT","MT"
"190190",NA,115,"FOOD PREPARED,FLOUR,MALT EXTRACT","MT"
"190211",NA,18,"MACARONI","MT"
"190219",NA,18,"MACARONI","MT"
"190220",NA,1232,"FOOD PREP NES","Mt"
"190230",NA,1232,"FOOD PREP NES","Mt"
"190240",NA,1232,"FOOD PREP NES","Mt"
"190300",NA,121,"TAPIOCA OF POTATOES","MT"
"190300",NA,127,"TAPIOCA OF CASSAVA","MT"
"190410",NA,41,"BREAKFAST CEREALS","MT"
"190420",NA,41,"BREAKFAST CEREALS","MT"
"190430",NA,41,"BREAKFAST CEREALS","MT"
"190490",NA,41,"BREAKFAST CEREALS","MT"
"190510",NA,20,"BREAD","MT"
"190520",NA,22,"PASTRY","MT"
"190531",NA,22,"PASTRY","MT"
"190532",NA,110,"WAFERS","MT"
"190540",NA,20,"BREAD","MT"
"190590",NA,22,"PASTRY","MT"
"190590",NA,110,"WAFERS","MT"
"200110",NA,471,"VEGETABLES IN VINEGAR","MT"
"200190",NA,262,"OLIVES PRESERVED","MT"
"200190",NA,471,"VEGETABLES IN VINEGAR","MT"
"200210",NA,392,"TOMATO PEELED","MT"
"200290",NA,391,"PASTE OF TOMATOES","MT"
"200310",NA,451,"CANNED MUSHROOMS","MT"
"200390",NA,451,"CANNED MUSHROOMS","MT"
"200410",NA,118,"FROZEN POTATOES","MT"
"200490",NA,262,"OLIVES PRESERVED","MT"
"200490",NA,447,"SWEET CORN FROZEN","MT"
"200490",NA,475,"veg.prep. or pres.frozen","MT"
"200510",NA,476,"homogen.veget. prep","MT"
"200520",NA,472,"VEGETABLES PRESERVED NES","MT"
"200540",NA,472,"VEGETABLES PRESERVED NES","MT"
"200551",NA,472,"VEGETABLES PRESERVED NES","MT"
"200559",NA,472,"VEGETABLES PRESERVED NES","MT"
"200560",NA,472,"VEGETABLES PRESERVED NES","MT"
"200570",NA,262,"OLIVES PRESERVED","MT"
"200580",NA,448,"SWEET CORN PREPARED OR PRESERVED","MT"
"200591",NA,472,"VEGETABLES PRESERVED NES","MT"
"200599",NA,472,"VEGETABLES PRESERVED NES","MT"
"200600",NA,625,"fruit,nut,peel, sugar prs","MT"
"200710",NA,626,"homogen.cooked fruit prp","MT"
"200791",NA,623,"FRUIT Prp NES","MT"
"200799",NA,623,"FRUIT Prp NES","MT"
"200811",NA,246,"PREPARED GROUNDNUTS","MT"
"200811",NA,247,"PEANUT BUTTER","MT"
"200819",NA,235,"PREPARED NUTS (EXCL.GROUNDNUTS)","MT"
"200820",NA,575,"PINEAPPLES CAND","MT"
"200830",NA,623,"FRUIT Prp NES","MT"
"200840",NA,623,"FRUIT Prp NES","MT"
"200850",NA,623,"FRUIT Prp NES","MT"
"200860",NA,623,"FRUIT Prp NES","MT"
"200870",NA,623,"FRUIT Prp NES","MT"
"200880",NA,623,"FRUIT Prp NES","MT"
"200891",NA,623,"FRUIT Prp NES","MT"
"200893",NA,623,"FRUIT Prp NES","MT"
"200897",NA,623,"FRUIT Prp NES","MT"
"200899",NA,584,"MANGO PULP","MT"
"200899",NA,623,"FRUIT Prp NES","MT"
"200911",NA,492,"orangejuice concentrated","MT"
"200911",NA,491,"JUICE OF ORANGES","MT"
"200912",NA,491,"JUICE OF ORANGES","MT"
"200919",NA,492,"ORANJUICE CONCENTRATED","MT"
"200921",NA,509,"JUICE OF GRAPEFRUIT","MT"
"200929",NA,510,"GRAPEFRUITJUICE COCENTR","MT"
"200931",NA,496,"TANGERINE JUICE","mt"
"200931",NA,498,"LEMONJUOCE  SINGLE-STRENGTH","MT"
"200931",NA,513,"JUICE OF CITRUS FRUIT NES","MT"
"200939",NA,499,"LEMONJUOCE  CONCENTRATED","MT"
"200939",NA,514,"CITRUSJUICE CONC.","MT"
"200941",NA,576,"JUICE OF PINEAPPLES","MT"
"200949",NA,580,"PINEAPPLE JUICE CONC","MT"
"200950",NA,389,"TOMATOJUICE CONCENTRATED","MT"
"200950",NA,390,"JUICE OF TOMATOES","MT"
"200961",NA,562,"grape juice","MT"
"200969",NA,562,"grape juice","MT"
"200971",NA,518,"APPLEJUICE SINGLE STRENG","MT"
"200979",NA,519,"APPLEJUICE CONCENTRATED","MT"
"200981",NA,622,"FRUIT JUICE NES","MT"
"200989",NA,466,"JUICE OF VEGETABLES NES","MT"
"200989",NA,538,"PLUMJUICE SINGLE-STRENGT","MT"
"200989",NA,539,"PLUMJUICE CONC.","MT"
"200989",NA,583,"MANGO JUICE","MT"
"200989",NA,622,"FRUIT JUICE NES","MT"
"200990",NA,466,"JUICE OF VEGETABLES NES","MT"
"200990",NA,622,"FRUIT JUICE NES","MT"
"210111",NA,659,"COFFEE EXTRACTS","MT"
"210112",NA,659,"COFFEE EXTRACTS","MT"
"210120",NA,672,"extracts tea, mate,prep.","MT"
"210130",NA,659,"COFFEE EXTRACTS","MT"
"210210",NA,1232,"FOOD PREP NES","Mt"
"210220",NA,1232,"FOOD PREP NES","Mt"
"210230",NA,1232,"FOOD PREP NES","Mt"
"210310",NA,239,"SOYA SAUCE","MT"
"210320",NA,1232,"FOOD PREP NES","Mt"
"210330",NA,295,"FLOUR OF MUSTARD","MT"
"210390",NA,240,"SOYA PASTE","MT"
"210390",NA,1232,"FOOD PREP NES","Mt"
"210410",NA,1232,"FOOD PREP NES","Mt"
"210420",NA,1232,"FOOD PREP NES","Mt"
"210500",NA,910,"ice cream and edible ice","MT"
"210610",NA,240,"SOYA PASTE","MT"
"210610",NA,241,"SOYA CURD","MT"
"210610",NA,1232,"FOOD PREP NES","Mt"
"210690",NA,674,"TEA NES","MT"
"210690",NA,1232,"FOOD PREP NES","Mt"
"220110",NA,631,"WATERS,ICE ETC","MT"
"220190",NA,631,"WATERS,ICE ETC","MT"
"220210",NA,633,"BEVERAGE NON-ALC","MT"
"220290",NA,633,"BEVERAGE NON-ALC","MT"
"220300",NA,51,"BEER OF BARLEY","MT"
"220300",NA,66,"BEER OF MAIZE","MT"
"220300",NA,82,"BEER OF MILLET","MT"
"220300",NA,86,"BEER OF SORGHUM","MT"
"220410",NA,564,"WINE","MT"
"220421",NA,564,"WINE","MT"
"220429",NA,564,"WINE","MT"
"220430",NA,563,"MUST OF GRAPES","MT"
"220510",NA,565,"VERMOUTHS&SIMILAR","MT"
"220590",NA,565,"VERMOUTHS&SIMILAR","MT"
"220600",NA,26,"WHEAT FERMENTED BEVERAGE","MT"
"220600",NA,39,"RICE FERMENTED BEVERAGES","MT"
"220600",NA,517,"CIDER ETC","MT"
"220710",NA,632,"ALCOHOL NON FOOD","MT"
"220720",NA,632,"ALCOHOL NON FOOD","MT"
"220820",NA,634,"BEVER. DIST.ALC","MT"
"220830",NA,634,"BEVER. DIST.ALC","MT"
"220840",NA,634,"BEVER. DIST.ALC","MT"
"220850",NA,634,"BEVER. DIST.ALC","MT"
"220860",NA,634,"BEVER. DIST.ALC","MT"
"220870",NA,634,"BEVER. DIST.ALC","MT"
"220890",NA,634,"BEVER. DIST.ALC","MT"
"220900",NA,1232,"FOOD PREP NES","Mt"
"230110",NA,1173,"MEAL MEAT","MT"
"230120",NA,1174,"MEAL FISH","MT"
"230210",NA,59,"BRAN OF MAIZE","MT"
"230230",NA,17,"BRAN OF WHEAT","MT"
"230240",NA,47,"BRAN OF BARLEY","MT"
"230240",NA,73,"BRAN OF RYE","MT"
"230240",NA,77,"BRAN OF OATS","MT"
"230240",NA,81,"BRAN OF MILLET","MT"
"230240",NA,85,"BRAN OF SORGHUM","MT"
"230240",NA,91,"BRAN BUCKWHEAT","MT"
"230240",NA,96,"BRAN OF FONIO","MT"
"230240",NA,99,"BRAN OF TRITICALE","MT"
"230240",NA,105,"BRAN OF MIXED GRAINS","MT"
"230240",NA,112,"BRAN OF CEREALS","MT"
"230250",NA,213,"BRAN OF PULSES","MT"
"230310",NA,846,"GLUTEN FEED&MEAL","MT"
"230320",NA,169,"BEET PULP","MT"
"230320",NA,170,"BAGASSE","MT"
"230330",NA,654,"DREGS FROM BREWING;DIST.","MT"
"230400",NA,238,"CAKE OF SOYBEANS","MT"
"230500",NA,245,"CAKE OF GROUNDNUTS","MT"
"230610",NA,332,"CAKE OF COTTONSEED","MT"
"230620",NA,335,"CAKE OF LINSEED","MT"
"230630",NA,269,"SUNFLOWER CAKE","MT"
"230641",NA,272,"CAKE OF RAPESEED","MT"
"230649",NA,272,"CAKE OF RAPESEED","MT"
"230650",NA,253,"CAKE OF COPRA","MT"
"230660",NA,259,"CAKE OF PALM KERNEL","MT"
"230690",NA,37,"CAKE RICE BRAN","MT"
"230690",NA,273,"OLIVE RESIDUES","MT"
"230690",NA,282,"CAKE SAFFLOWER","MT"
"230690",NA,291,"CAKE OF SESAME SEED","MT"
"230690",NA,294,"CAKE OF MUSTARD","MT"
"230690",NA,298,"CAKE OF POPPY SEED","MT"
"230690",NA,314,"CAKE OF KAPOK","MT"
"230690",NA,338,"CAKE OF HEMPSEED","MT"
"230690",NA,341,"CAKE OF OILSEEDS, NES","MT"
"230700",NA,653,"FOOD WASTES","MT"
"230800",NA,120,"POTATO OFFALS","MT"
"230800",NA,566,"MARC OF GRAPES","MT"
"230800",NA,628,"PULP OF FRUIT FOR FEED","MT"
"230800",NA,629,"BEET TOPS","MT"
"230800",NA,630,"CANE TOPS","MT"
"230800",NA,650,"LEAVES&TOPS,VINES","MT"
"230800",NA,652,"VEG PROD FOR FEED","MT"
"230800",NA,652,"VEG PROD FOR FEED","MT"
"230910",NA,843,"PET FOOD","MT"
"230990",NA,653,"FOOD WASTES","MT"
"230990",NA,840,"COMPOUND FEED, CATTLE","MT"
"230990",NA,841,"CMPD FEED,POULTRY","MT"
"230990",NA,842,"CMPD FEED,PIGS","MT"
"230990",NA,843,"PET FOOD","MT"
"230990",NA,845,"CMPD FEED,OTH OR NES","MT"
"230990",NA,849,"FEED YEAST","MT"
"230990",NA,850,"FEED SUPPLEMENTS","MT"
"230990",NA,851,"NON PROTEIN NITROGENS","MT"
"230990",NA,852,"OTHER CONC, NES","MT"
"230990",NA,853,"VITAMINS","MT"
"230990",NA,854,"FEED ADDITIVES","MT"
"230990",NA,855,"FEED MINERALS","MT"
"230990",NA,1259,"FOOD WASTE,PREP. FOR FEED","MT"
"240110",NA,826,"TOBACCO UNMANFCTED","MT"
"240120",NA,826,"TOBACCO UNMANFCTED","MT"
"240130",NA,826,"TOBACCO UNMANFCTED","MT"
"240210",NA,829,"CIGARS CHEROOTS","MT"
"240220",NA,828,"CIGARETTES","MT"
"240290",NA,828,"CIGARETTES","MT"
"240290",NA,829,"CIGARS CHEROOTS","MT"
"240311",NA,831,"TOBACCO PRS NES","MT"
"240319",NA,831,"TOBACCO PRS NES","MT"
"240391",NA,831,"TOBACCO PRS NES","MT"
"240399",NA,831,"TOBACCO PRS NES","MT"
"330112",NA,753,"OIL ESSENTIAL NES","MT"
"330113",NA,753,"OIL ESSENTIAL NES","MT"
"330119",NA,753,"OIL ESSENTIAL NES","MT"
"330124",NA,753,"OIL ESSENTIAL NES","MT"
"330125",NA,753,"OIL ESSENTIAL NES","MT"
"330129",NA,737,"OIL CITRONELLA","MT"
"330129",NA,753,"OIL ESSENTIAL NES","MT"
"330130",NA,753,"OIL ESSENTIAL NES","MT"
"330190",NA,753,"OIL ESSENTIAL NES","MT"
"350110",NA,917,"CASEIN","MT"
"350190",NA,917,"CASEIN","MT"
"350211",NA,916,"egg albumin","MT"
"350219",NA,916,"egg albumin","MT"
"382311",NA,1276,"FATTY ACIDS","MT"
"382312",NA,1276,"FATTY ACIDS","MT"
"382313",NA,1276,"FATTY ACIDS","MT"
"382319",NA,1276,"FATTY ACIDS","MT"
"400110",NA,836,"RUBBER NAT LATEX","MT"
"400121",NA,837,"RUBBER NAT DRY","MT"
"400122",NA,837,"RUBBER NAT DRY","MT"
"400129",NA,837,"RUBBER NAT DRY","MT"
"400130",NA,839,"GUMS NATURAL","MT"
"410120",NA,920,"HIDES WET SALTED CATTLE","MT"
"410120",NA,921,"HIDESDRY S.CATTLE","MT"
"410120",NA,922,"HIDES NES CATTLE","MT"
"410120",NA,928,"SKINS WET SALTED CALVES","MT"
"410120",NA,929,"SKINSDRY S.CALVES","MT"
"410120",NA,930,"SKINS NES CALVES","MT"
"410120",NA,958,"HIDES WET SALTED BUFFALOES","MT"
"410120",NA,959,"HIDES DRYSALT BUF","MT"
"410120",NA,1103,"HIDES WET SALTED HORSES","MT"
"410120",NA,1104,"HIDES DRY SLT HORSES","MT"
"410120",NA,1105,"HIDES UNSP HORSE","MT"
"410150",NA,920,"HIDES WET SALTED CATTLE","MT"
"410150",NA,921,"HIDESDRY S.CATTLE","MT"
"410150",NA,1103,"HIDES WET SALTED HORSES","MT"
"410190",NA,920,"HIDES WET SALTED CATTLE","MT"
"410190",NA,921,"HIDESDRY S.CATTLE","MT"
"410190",NA,1103,"HIDES WET SALTED HORSES","MT"
"410210",NA,999,"SKINS WITH WOOL SHEEP","MT"
"410221",NA,996,"SKINSWET SALTED","MT"
"410221",NA,997,"SKINSDRY SLTSHEEP","MT"
"410221",NA,998,"SKINS NES SHEEP","MT"
"410229",NA,996,"SKINSWET SALTED","MT"
"410229",NA,997,"SKINSDRY SLTSHEEP","MT"
"410229",NA,998,"SKINS NES SHEEP","MT"
"410320",NA,1214,"HIDES WET SALTED NES","MT"
"410320",NA,1215,"HIDES DRY SLT NES","MT"
"410320",NA,1216,"HIDES NES","MT"
"410330",NA,1045,"SKINSWET SLTDPIGS","MT"
"410390",NA,1045,"SKINSWET SLTDPIGS","MT"
"410390",NA,1046,"SKINSDRY SLTDPIGS","MT"
"410390",NA,1047,"SKINS NES PIGS","MT"
"410390",NA,1134,"HIDES WET SALTED CAMELS","MT"
"410390",NA,1135,"HIDESDRY SLT CAM","MT"
"410390",NA,1136,"HIDES UNSP CAMELS","MT"
"410390",NA,1214,"HIDES WET SALTED NES","MT"
"410390",NA,1215,"HIDES DRY SLT NES","MT"
"410390",NA,1216,"HIDES NES","MT"
"411520",NA,1217,"LEATHER USE&WASTE","MT"
"430110",NA,1195,"SKIN FURS","MT"
"430130",NA,1002,"CARAKUL SKINS","MT"
"430160",NA,1195,"SKIN FURS","MT"
"430180",NA,1146,"SKINS OF RABBITS","MT"
"430180",NA,1195,"SKIN FURS","MT"
"430190",NA,1195,"SKIN FURS","MT"
"500100",NA,1185,"COCOONS REELABLE","MT"
"500200",NA,1186,"SILK RAW","MT"
"500300",NA,1187,"COCOON UNR.&WASTE","MT"
"510111",NA,987,"WOOL GREASY","MT"
"510119",NA,987,"WOOL GREASY","MT"
"510121",NA,988,"WOOL DEGREASED","MT"
"510129",NA,988,"WOOL DEGREASED","MT"
"510130",NA,988,"WOOL DEGREASED","MT"
"510211",NA,1030,"FINE GOAT HAIR","MT"
"510211",NA,1218,"HAIR FINE","MT"
"510219",NA,1030,"FINE GOAT HAIR","MT"
"510219",NA,1218,"HAIR FINE","MT"
"510220",NA,1031,"COARSE GOAT HAIR","MT"
"510220",NA,1219,"HAIR COARSE NES","MT"
"510310",NA,1009,"WOOL;HAIR WASTE","MT"
"510320",NA,1009,"WOOL;HAIR WASTE","MT"
"510330",NA,1009,"WOOL;HAIR WASTE","MT"
"510400",NA,1007,"WOOL SHODDY","MT"
"510510",NA,1008,"HAIR CARDED/ COMBED","MT"
"510521",NA,1008,"HAIR CARDED/ COMBED","MT"
"510529",NA,1008,"HAIR CARDED/ COMBED","MT"
"510529",NA,1010,"wool tops","MT"
"510531",NA,1008,"HAIR CARDED/ COMBED","MT"
"510539",NA,1008,"HAIR CARDED/ COMBED","MT"
"510540",NA,1008,"HAIR CARDED/ COMBED","MT"
"520100",NA,767,"COTTON LINT","MT"
"520210",NA,769,"COTTON WASTE","MT"
"520291",NA,769,"COTTON WASTE","MT"
"520299",NA,769,"COTTON WASTE","MT"
"520300",NA,768,"COTTON CARDED,COMBED","MT"
"530110",NA,771,"FLAX FIBRE RAW","MT"
"530121",NA,773,"FLAX FIBRE & TOW","MT"
"530129",NA,773,"FLAX FIBRE & TOW","MT"
"530130",NA,774,"FLAX TOW WASTE","MT"
"530210",NA,777,"HEMP TOW WASTE","MT"
"530290",NA,777,"HEMP TOW WASTE","MT"
"530310",NA,780,"JUTE","MT"
"530310",NA,782,"OTHER BASTFIBRES","MT"
"530390",NA,780,"JUTE","MT"
"530390",NA,782,"OTHER BASTFIBRES","MT"
"530500",NA,809,"MANILA FIBRE (ABACA)","MT"
"530500",NA,821,"FIBRE CROPS NES","MT"
"530810",NA,813,"COIR","MT"
