hs2012_code,ex_code,faostat_code,faostat_name,unit
10121,,1096,HORSES,HEADS
10129,,1096,HORSES,HEADS
10130,,1107,ASSES,HEADS
10190,,1110,MULES,HEADS
10221,,866,CATTLE,HEADS
10229,,866,CATTLE,HEADS
10231,,946,BUFFALOES,HEADS
10239,,946,BUFFALOES,HEADS
10290,,866,CATTLE,HEADS
10290,,946,BUFFALOES,HEADS
10310,,1034,PIGS,HEADS
10391,,1034,PIGS,HEADS
10392,,1034,PIGS,HEADS
10410,,976,SHEEP,HEADS
10420,,1016,GOATS,HEADS
10511,,1057,CHICKENS,1000 HEADS
10512,,1079,TURKEYS,1000 HEADS
10513,,1068,DUCKS,1000 HEADS
10514,,1072,GEESE,1000 HEADS
10515,,1057,CHICKENS,1000 HEADS
10594,,1057,CHICKENS,1000 HEADS
10599,,1057,CHICKENS,1000 HEADS
10599,,1068,DUCKS,1000 HEADS
10599,,1072,GEESE,1000 HEADS
10599,,1079,TURKEYS,1000 HEADS
10611,,1169,LIVE ANIMALS NON FOOD,$ VALUE only
10611,,1171,ANIMALS LIVE NES,$ VALUE only
10612,,1169,LIVE ANIMALS NON FOOD,$ VALUE only
10612,,1171,ANIMALS LIVE NES,$ VALUE only
10613,,1126,CAMELS,HEADS
10613,,1157,OTHER CAMELIDS,HEADS
10614,,1140,RABBITS,1000 HEADS
10619,,1150,OTHER RODENTS,HEADS
10619,,1169,LIVE ANIMALS NON FOOD,$ VALUE only
10619,,1171,ANIMALS LIVE NES,$ VALUE only
10620,,1169,LIVE ANIMALS NON FOOD,$ VALUE only
10620,,1171,ANIMALS LIVE NES,$ VALUE only
10631,,1169,LIVE ANIMALS NON FOOD,$ VALUE only
10631,,1171,ANIMALS LIVE NES,$ VALUE only
10632,,1169,LIVE ANIMALS NON FOOD,$ VALUE only
10632,,1171,ANIMALS LIVE NES,$ VALUE only
10633,,1171,ANIMALS LIVE NES,$ VALUE only
10639,,1083,"PIGEONS, OTHER BIRDS",1000 HEADS
10639,,1169,LIVE ANIMALS NON FOOD,$ VALUE only
10639,,1171,ANIMALS LIVE NES,$ VALUE only
10641,,1181,BEEHIVES,NUMBER
10649,,1169,LIVE ANIMALS NON FOOD,$ VALUE only
10649,,1171,ANIMALS LIVE NES,$ VALUE only
10690,,1169,LIVE ANIMALS NON FOOD,$ VALUE only
10690,,1171,ANIMALS LIVE NES,$ VALUE only
20110,,867,MEAT OF CATTLE (BEEF & VEAL BONE-IN),MT
20110,,947,MEAT OF BUFFALOES,MT
20120,,867,MEAT OF CATTLE (BEEF & VEAL BONE-IN),MT
20120,,947,MEAT OF BUFFALOES,MT
20130,,870,"MEAT OF CATTLE, BONELESS (BEEF & VEAL, BONELESS)",MT
20130,,947,MEAT OF BUFFALOES,MT
20210,,867,MEAT OF CATTLE (BEEF & VEAL BONE-IN),MT
20210,,947,MEAT OF BUFFALOES,MT
20220,,867,MEAT OF CATTLE (BEEF & VEAL BONE-IN),MT
20220,,947,MEAT OF BUFFALOES,MT
20230,,870,"MEAT OF CATTLE, BONELESS (BEEF & VEAL, BONELESS)",MT
20230,,947,MEAT OF BUFFALOES,MT
20311,,1035,MEAT OF PIGS (PIGMEAT),MT
20312,,1035,MEAT OF PIGS (PIGMEAT),MT
20319,,1035,MEAT OF PIGS (PIGMEAT),MT
20319,,1038,PORK,MT
20321,,1035,MEAT OF PIGS (PIGMEAT),MT
20322,,1035,MEAT OF PIGS (PIGMEAT),MT
20329,,1035,MEAT OF PIGS (PIGMEAT),MT
20329,,1038,PORK,MT
20410,,977,MEAT OF SHEEP (MUTTON & LAMB),MT
20421,,977,MEAT OF SHEEP (MUTTON & LAMB),MT
20422,,977,MEAT OF SHEEP (MUTTON & LAMB),MT
20423,,977,MEAT OF SHEEP (MUTTON & LAMB),MT
20430,,977,MEAT OF SHEEP (MUTTON & LAMB),MT
20441,,977,MEAT OF SHEEP (MUTTON & LAMB),MT
20442,,977,MEAT OF SHEEP (MUTTON & LAMB),MT
20443,,977,MEAT OF SHEEP (MUTTON & LAMB),MT
20450,,1017,MEAT OF GOATS (GOAT MEAT),MT
20500,,1097,MEAT OF HORSES (HORSE MEAT),MT
20500,,1108,MEAT OF ASSES,MT
20500,,1111,MEAT OF MULES,MT
20610,,868,"OFFALS OF CATTLE, EDIBLE",MT
20610,,948,"OFFALS OF BUFFALOES,EDIBLE",MT
20621,,868,"OFFALS OF CATTLE, EDIBLE",MT
20621,,948,"OFFALS OF BUFFALOES,EDIBLE",MT
20622,,868,"OFFALS OF CATTLE, EDIBLE",MT
20622,,948,"OFFALS OF BUFFALOES,EDIBLE",MT
20629,,868,"OFFALS OF CATTLE, EDIBLE",MT
20629,,948,"OFFALS OF BUFFALOES,EDIBLE",MT
20630,,1036,"OFFALS OF PIGS, EDIBLE",MT
20641,,1036,"OFFALS OF PIGS, EDIBLE",MT
20649,,1036,"OFFALS OF PIGS, EDIBLE",MT
20680,,978,"OFFALS OF SHEEP,EDIBLE",MT
20680,,1018,OFFALS OF GOATS,MT
20680,,1098,OFFALS OF HORSES,MT
20680,,1167,OFFALS NES,MT
20690,,978,"OFFALS OF SHEEP,EDIBLE",MT
20690,,1018,OFFALS OF GOATS,MT
20690,,1098,OFFALS OF HORSES,MT
20690,,1167,OFFALS NES,MT
20711,,1058,MEAT OF CHICKENS,MT
20712,,1058,MEAT OF CHICKENS,MT
20713,,1058,MEAT OF CHICKENS,MT
20713,,1059,OFFALS LIVER CHICKEN,MT
20714,,1058,MEAT OF CHICKENS,MT
20714,,1059,OFFALS LIVER CHICKEN,MT
20724,,1080,MEAT OF TURKEYS,MT
20725,,1080,MEAT OF TURKEYS,MT
20726,,1080,MEAT OF TURKEYS,MT
20726,,1081,OFFALS LIVER TURKEY,MT
20727,,1080,MEAT OF TURKEYS,MT
20727,,1081,OFFALS LIVER TURKEY,MT
20741,,1069,MEAT OF DUCKS,MT
20742,,1069,MEAT OF DUCKS,MT
20743,,1075,OFFALS LIVER DUCK,MT
20744,,1069,MEAT OF DUCKS,MT
20744,,1075,OFFALS LIVER DUCK,MT
20745,,1069,MEAT OF DUCKS,MT
20745,,1075,OFFALS LIVER DUCK,
20751,,1073,MEAT OF GEESE,MT
20752,,1073,MEAT OF GEESE,MT
20753,,1074,OFFALS LIVER GEESE,MT
20754,,1073,MEAT OF GEESE,MT
20754,,1074,OFFALS LIVER GEESE,MT
20755,,1073,MEAT OF GEESE,MT
20755,,1074,OFFALS LIVER GEESE,MT
20760,,1058,MEAT OF CHICKENS,
20810,,1141,MEAT OF RABBITS,MT
20810,,1163,MEAT OF GAME,MT
20810,,1167,OFFALS nes,MT
20830,,1163,MEAT OF GAME,MT
20830,,1166,MEAT NES,MT
20830,,1167,OFFALS nes,MT
20840,,1166,MEAT NES,MT
20840,,1167,OFFALS nes,MT
20850,,1166,MEAT NES,MT
20850,,1167,OFFALS nes,MT
20860,,1127,MEAT OF CAMELS,MT
20860,,1128,"OFFALS OF CAMELS,EDIBLE",MT
20860,,1158,MEAT OTH CAMELIDS,MT
20860,,1159,OFFALS OTHER CAMELIDS,MT
20890,,1089,PIGEON MEAT OTHER BIRDS,MT
20890,,1151,MEAT OF other domestic rodents,MT
20890,,1163,MEAT OF GAME,MT
20890,,1166,MEAT NES,MT
20890,,1167,OFFALS nes,MT
20910,,1037,FAT OF PIGS,MT
20910,,1040,PIG BUTCHER FAT,MT
20990,,1065,FAT OF POULTRY,MT
21011,,1039,BACON AND HAM,MT
21012,,1039,BACON AND HAM,MT
21019,,1039,BACON AND HAM,MT
21020,,872,"MEAT OF BEEF,DRD, SLTD,SMKD",MT
21091,,1164,MEAT DRIED NES,MT
21092,,1164,MEAT DRIED NES,MT
21093,,1164,MEAT DRIED NES,MT
21099,,1164,MEAT DRIED NES,MT
30760,,1176,"SNAILS, NOT SEA SNAILS",MT
40110,,888,MILK SKM OF COWS,MT
40110,,954,MILK SKIM OF BUF,MT
40110,,985,MILK SKMD SHEEP,MT
40110,,1023,MILK SKIMD GOATS,MT
40120,,882,"MILK OF COW WHOLE, FRESH",MT
40120,,883,STANDARDIZED MILK,MT
40120,,908,RECONSTI.TED MILK,MT
40120,,951,MILK OF BUFFALOES,MT
40120,,982,MILK OF SHEEP,MT
40120,,1020,MILK OF GOATS,MT
40120,,1130,MILK OF CAMEL,MT
40140,,882,"MILK OF COW WHOLE, FRESH",MT
40140,,883,STANDARDIZED MILK,MT
40140,,885,CREAM FRESH,MT
40140,,951,MILK OF BUFFALOES,MT
40140,,982,MILK OF SHEEP,MT
40140,,1020,MILK OF GOATS,MT
40140,,1130,MILK OF CAMEL,MT
40150,,882,"MILK OF COW WHOLE, FRESH",MT
40150,,883,STANDARDIZED MILK,MT
40150,,885,CREAM FRESH,MT
40150,,951,MILK OF BUFFALOES,MT
40150,,982,MILK OF SHEEP,MT
40150,,1020,MILK OF GOATS,MT
40150,,1130,MILK OF CAMEL,MT
40210,,898,MILK SKIMMED DRY,MT
40221,,897,MILK WHOLE DRIED,MT
40229,,897,MILK WHOLE DRIED,MT
40291,,894,MILK WHOLE EVP,MT
40291,,895,MILK SKIMMED EVP,MT
40299,,889,MILK WHOLE COND,MT
40299,,896,MILK SKIMMED COND,MT
40310,,891,YOGHURT,MT
40310,,892,yogh conc.or not,MT
40390,,893,"butterm.,curdl, acid.milk",MT
40390,,899,MILKDRY BUTTRMILK,MT
40410,,890,WHEY CONDENSED,MT
40410,,900,WHEY DRY,MT
40410,,903,WHEY FRESH,MT
40490,,909,prod.of nat.milk constit,MT
40510,,886,BUTTER COW MILK,MT
40510,,952,BUTTER OF BUFMILK,MT
40510,,983,"BUTTER,GHEE OF SHEEP MILK",MT
40510,,1022,BUTTER OF GOAT MLK,MT
40520,,886,BUTTER COW MILK,MT
40520,,952,BUTTER OF BUFMILK,MT
40520,,983,"BUTTER,GHEE OF SHEEP MILK",MT
40520,,1022,BUTTER OF GOAT MLK,MT
40590,,887,"GHEE,BUTTEROIL OF COW MILK",MT
40590,,953,GHEE OIL OF BUF,MT
40590,,1022,BUTTER OF GOAT MLK,MT
40610,,901,CHEESE OF WHOLE COW MILK,MT
40610,,904,CHEESE OF SKIMMED COW MILK,MT
40610,,905,WHEY CHEESE,MT
40610,,955,CHEESE OF BUFMILK,MT
40610,,984,CHEESE OF SHMILK,MT
40610,,1021,CHEESE OF GOAT MLK,MT
40620,,901,CHEESE OF WHOLE COW MILK,MT
40630,,907,PROCESSED CHEESE,MT
40640,,901,CHEESE OF WHOLE COW MILK,MT
40690,,901,CHEESE OF WHOLE COW MILK,MT
40711,,1062,HEN EGGS,MT
40719,,1091,EGGS EXCL HENEGGS,MT
40721,,1062,HEN EGGS,MT
40729,,1091,EGGS EXCL HENEGGS,MT
40790,,1062,HEN EGGS,MT
40790,,1091,EGGS EXCL HENEGGS,MT
40811,,1064,EGGS DRIED,MT
40819,,1063,EGGS LIQUID,MT
40891,,1064,EGGS DRIED,MT
40899,,1063,EGGS LIQUID,MT
40900,,1182,HONEY NATURAL,MT
41000,,1232,FOOD PREP NES,Mt
50100,,1293,CRUDE MATERIALS,$ VALUE only
50210,,1293,CRUDE MATERIALS,$ VALUE only
50290,,1293,CRUDE MATERIALS,$ VALUE only
50400,,1293,CRUDE MATERIALS,$ VALUE only
50510,,1293,CRUDE MATERIALS,$ VALUE only
50590,,1293,CRUDE MATERIALS,$ VALUE only
50610,,1293,CRUDE MATERIALS,$ VALUE only
50690,,1293,CRUDE MATERIALS,$ VALUE only
50710,,1293,CRUDE MATERIALS,$ VALUE only
50790,,1293,CRUDE MATERIALS,$ VALUE only
50800,,1293,CRUDE MATERIALS,$ VALUE only
51000,,1293,CRUDE MATERIALS,$ VALUE only
51110,,1293,CRUDE MATERIALS,$ VALUE only
51191,,1293,CRUDE MATERIALS,$ VALUE only
51199,,1293,CRUDE MATERIALS,$ VALUE only
60110,,1293,CRUDE MATERIALS,$ VALUE only
60120,,1293,CRUDE MATERIALS,$ VALUE only
60210,,1293,CRUDE MATERIALS,$ VALUE only
60220,,1293,CRUDE MATERIALS,$ VALUE only
60230,,1293,CRUDE MATERIALS,$ VALUE only
60240,,1293,CRUDE MATERIALS,$ VALUE only
60290,,1293,CRUDE MATERIALS,$ VALUE only
60311,,1293,CRUDE MATERIALS,$ VALUE only
60312,,1293,CRUDE MATERIALS,$ VALUE only
60313,,1293,CRUDE MATERIALS,$ VALUE only
60314,,1293,CRUDE MATERIALS,$ VALUE only
60315,,1293,CRUDE MATERIALS,$ VALUE only
60319,,1293,CRUDE MATERIALS,$ VALUE only
60390,,1293,CRUDE MATERIALS,$ VALUE only
60420,,1293,CRUDE MATERIALS,$ VALUE only
60490,,1293,CRUDE MATERIALS,$ VALUE only
70110,,116,POTATOES,MT
70190,,116,POTATOES,MT
70200,,388,TOMATOES FRESH,MT
70310,,402,ONIONS; SHALLOTS GREEN,MT
70310,,403,ONIONS DRY,MT
70320,,406,GARLIC,MT
70390,,407,LEEKS AND OTHER ALLIACEOUS VEGETABLES,MT
70410,,393,CAULIFLOWER,MT
70420,,358,CABBAGES,MT
70490,,358,CABBAGES,MT
70511,,372,LETTUCE,MT
70519,,372,LETTUCE,MT
70521,,372,LETTUCE,MT
70529,,372,LETTUCE,MT
70610,,426,CARROTS,MT
70610,,463,VEGETABLES FRESH NES,MT
70690,,463,VEGETABLES FRESH NES,MT
70700,,397,"CUCUMBERS, GHERKINS",MT
70810,,417,PEAS GREEN,MT
70820,,414,BEANS GREEN,MT
70820,,423,STRING BEANS,MT
70890,,420,BROADBEANS GREEN,MT
70920,,367,ASPARAGUS,MT
70930,,399,EGGPLANTS,MT
70940,,463,VEGETABLES FRESH NES,MT
70951,,449,MUSHROOMS,MT
70959,,449,MUSHROOMS,MT
70960,,401,"CHILLIES,PEPPERS GREEN",MT
70970,,373,SPINACH,MT
70991,,366,Artichokes ,
70992,,260,OLIVES,MT
70993,,394,"PUMPKINS,SQUASH, GOURDS",MT
70999,,378,CASSAVA LEAVES,MT
70999,,430,OKRA,MT
70999,,446,GREEN CORN (MAIZE),MT
70999,,463,VEGETABLES FRESH NES,MT
71010,,118,FROZEN POTATOES,MT
71021,,473,VEGETABLE FROZEN,MT
71022,,473,VEGETABLE FROZEN,MT
71029,,473,VEGETABLE FROZEN,MT
71030,,473,VEGETABLE FROZEN,MT
71040,,447,SWEET CORN FROZEN,MT
71080,,473,VEGETABLE FROZEN,MT
71090,,473,VEGETABLE FROZEN,MT
71120,,262,OLIVES PRESERVED,MT
71140,,474,VEG.IN TEM. PRESERVATIVES,MT
71151,,474,VEG.IN TEM. PRESERVATIVES,MT
71159,,474,VEG.IN TEM. PRESERVATIVES,MT
71190,,474,VEG.IN TEM. PRESERVATIVES,MT
71220,,469,VEGETABLES DEHYDRATED,MT
71231,,450,DRIED MUSHROOMS,MT
71232,,450,DRIED MUSHROOMS,MT
71233,,450,DRIED MUSHROOMS,MT
71239,,450,DRIED MUSHROOMS,MT
71290,,469,VEGETABLES DEHYDRATED,MT
71310,,187,PEAS DRY,MT
71320,,191,CHICK-PEAS,MT
71331,,176,BEANS DRY,MT
71332,,176,BEANS DRY,MT
71333,,176,BEANS DRY,MT
71334,,203,BAMBARA BEANS,MT
71335,,195,COW PEAS DRY,MT
71339,,176,BEANS DRY,MT
71340,,201,LENTILS,MT
71350,,181,BROAD BEANS DRY,MT
71360,,197,PIGEON PEAS,MT
71390,,211,"PULSES, NES",MT
71410,,125,Cassava,MT
71410,,128,CASSAVA DRIED,MT
71420,,122,SWEET POTATOES,MT
71430,,137,YAMS,MT
71440,,136,TARO (COCOYAM),MT
71450,,135,YAUTIA (COCOYAM),MT
71490,,149,"ROOTS AND TUBERS, NES",MT
71490,,151,ROOTS AND TUBERS DRIED,MT
80111,,250,COCONUTS DESICCATED,MT
80112,,249,COCONUTS,MT
80119,,249,COCONUTS,MT
80121,,216,BRAZIL NUTS IN SHELL,MT
80122,,229,BRAZIL NUTS SHELLED,MT
80131,,217,CASHEW NUTS IN SHELL,MT
80132,,230,CASHEW NUTS SHELLED,MT
80211,,221,ALMONDS IN SHELL,MT
80212,,231,ALMONDS SHELLED,MT
80221,,225,HAZELNUTS (FILBERTS) IN SHELL,MT
80222,,233,HAZELNUTS SHELLED,MT
80231,,222,WALNUTS IN SHELL,MT
80232,,232,WALNUTS SHELLED,MT
80241,,220,CHESTNUTS,MT
80242,,220,CHESTNUTS,MT
80251,,223,PISTACHIOS,MT
80252,,223,PISTACHIOS,MT
80261,,234,Nuts nes (MACADAMIA NUTS),MT
80262,,234,Nuts nes (MACADAMIA NUTS),MT
80270,,224,KOLANUTS,MT
80280,,226,ARECANUTS,MT
80290,,234,"NUTS, NES",MT
80310,,489,PLANTAINS,MT
80390,,486,BANANAS,MT
80390,,604,FRUIT TROPICAL DRIED NES,MT
80410,,577,DATES,MT
80420,,569,FIGS,MT
80420,,570,FIGS DRIED,MT
80430,,574,PINEAPPLES,MT
80440,,572,AVOCADOS,MT
80450,,571,MANGOES,MT
80450,,603,FRUIT TROPICAL FRESH NES,MT
80450,,604,FRUIT TROPICAL DRIED NES,MT
80510,,490,ORANGES,MT
80520,,495,TANG.MAND. CLEMENT.SATSMA,MT
80540,,507,GRAPEFRUIT&POMELO 0,MT
80550,,497,LEMONS AND LIMES,MT
80590,,512,CITRUS FRUIT NES,MT
80610,,560,GRAPES,MT
80620,,561,RAISINS,MT
80711,,567,WATERMELONS,MT
80719,,568,MELONS INCL. CANTALOUPES,MT
80720,,600,PAPAYAS,MT
80810,,515,APPLES,MT
80830,,521,PEARS,MT
80840,,523,QUINCES,MT
80910,,526,APRICOTS,MT
80921,,530,SOUR CHERRIES,MT
80929,,531,CHERRIES,MT
80930,,534,PEACHES AND NECTARINES,MT
80940,,536,PLUMS,MT
81010,,544,STRAWBERRIES,MT
81020,,547,RASPBERRIES,MT
81020,,558,BERRIES NES,MT
81030,,549,GOOSBERRIES,MT
81030,,550,CURRANTS,MT
81040,,552,BLUEBERRIES,MT
81040,,554,CRANBERRIES,MT
81040,,558,BERRIES NES,MT
81050,,592,kiwi fruit,MT
81060,,603,FRUIT TROPICAL FRESH NES,MT
81070,,587,PERSIMMONS,MT
81090,,541,FRUITSTONE FR.NES,MT
81090,,591,CASHEWAPPLE,MT
81090,,619,FRUIT FRESH NES,MT
81110,,623,FRUIT Prp NES,MT
81120,,623,FRUIT Prp NES,MT
81190,,623,FRUIT Prp NES,MT
81210,,623,FRUIT Prp NES,MT
81290,,623,FRUIT Prp NES,MT
81310,,527,DRY APRICOTS,MT
81320,,537,PLUMS DRIED (PRUNES),MT
81330,,620,FRUIT DRIED NES,MT
81340,,620,FRUIT DRIED NES,MT
81350,,620,FRUIT DRIED NES,MT
81400,,623,FRUIT Prp NES,MT
90111,,656,COFFEE GREEN,MT
90112,,656,COFFEE GREEN,MT
90121,,657,COFFEE ROASTED,MT
90122,,657,COFFEE ROASTED,MT
90190,,658,COFFEE SUBST. CONT.COFFEE,MT
90190,,660,Coffee husks and skins,MT
90210,,667,TEA,MT
90220,,667,TEA,MT
90230,,667,TEA,MT
90240,,667,TEA,MT
90300,,671,MATE,MT
90411,,687,PEPPER,MT
90412,,687,PEPPER,MT
90421,,689,PIMENTO,MT
90422,,689,PIMENTO,MT
90510,,692,VANILLA,MT
90520,,692,VANILLA,MT
90611,,693,CINNAMON(CANELLA),MT
90619,,693,CINNAMON(CANELLA),MT
90620,,693,CINNAMON(CANELLA),MT
90710,,698,CLOVESWHOLE STEM,MT
90720,,698,CLOVESWHOLE STEM,MT
90811,,702,NUTMEG MACE CARDAMONS,MT
90812,,702,NUTMEG MACE CARDAMONS,MT
90821,,702,NUTMEG MACE CARDAMONS,MT
90822,,702,NUTMEG MACE CARDAMONS,MT
90831,,702,NUTMEG MACE CARDAMONS,MT
90832,,702,NUTMEG MACE CARDAMONS,MT
90921,,711,ANISE BADIAN FENNEL,MT
90922,,711,ANISE BADIAN FENNEL,MT
90931,,711,ANISE BADIAN FENNEL,MT
90932,,711,ANISE BADIAN FENNEL,MT
90961,,711,ANISE BADIAN FENNEL,MT
90962,,711,ANISE BADIAN FENNEL,MT
91011,,720,GINGER,MT
91012,,720,GINGER,MT
91020,,723,SPICES NES,MT
91030,,723,SPICES NES,MT
91091,,723,SPICES NES,MT
91099,,723,SPICES NES,MT
100111,,15,WHEAT,MT
100119,,15,WHEAT,MT
100191,,15,WHEAT,MT
100199,,15,WHEAT,MT
100210,,71,RYE,MT
100290,,71,RYE,MT
100310,,44,BARLEY,MT
100390,,44,BARLEY,MT
100410,,75,OATS,MT
100490,,75,OATS,MT
100510,,56,MAIZE,MT
100590,,56,MAIZE,MT
100610,,27,RICE PADDY,MT
100620,,28,RICE HUSKED,MT
100630,,29,MILLED/HUSKED RICE,MT
100630,,31,RICE MILLED,MT
100640,,32,RICE BROKEN,MT
100710,,83,SORGHUM,MT
100790,,83,SORGHUM,MT
100810,,89,BUCKWHEAT,MT
100821,,79,MILLET,MT
100829,,79,MILLET,MT
100830,,101,CANARY SEED,MT
100840,,94,FONIO,MT
100850,,92,QUINOA,MT
100860,,97,TRITICALE,MT
100890,,103,MIXED GRAIN,MT
100890,,108,CEREALS NES,MT
110100,,16,FLOUR OF WHEAT,MT
110220,,58,FLOUR OF MAIZE,MT
110290,,38,RICE FLOUR,MT
110290,,48,BARLEY FLOUR AND GRITS,MT
110290,,72,FLOUR OF RYE,MT
110290,,80,FLOUR OF MILLET,MT
110290,,84,FLOUR OF SORGHUM,MT
110290,,90,FLOUR OF BUCKWHEAT,MT
110290,,95,FLOUR OF FONIO,MT
110290,,98,FLOUR OF TRITICALE,MT
110290,,104,FLOUR OF MIXED GRAIN,MT
110290,,111,FLOUR OF CEREALS,MT
110311,,16,FLOUR OF WHEAT,MT
110313,,58,FLOUR OF MAIZE,MT
110319,,38,RICE FLOUR,MT
110319,,48,BARLEY FLOUR AND GRITS,MT
110319,,72,FLOUR OF RYE,MT
110319,,80,FLOUR OF MILLET,MT
110319,,84,FLOUR OF SORGHUM,MT
110319,,90,FLOUR OF BUCKWHEAT,MT
110319,,95,FLOUR OF FONIO,MT
110319,,98,FLOUR OF TRITICALE,MT
110319,,104,FLOUR OF MIXED GRAIN,MT
110319,,111,FLOUR OF CEREALS,MT
110320,,16,FLOUR OF WHEAT,MT
110320,,38,RICE FLOUR,MT
110320,,48,BARLEY FLOUR AND GRITS,MT
110320,,58,FLOUR OF MAIZE,MT
110320,,72,FLOUR OF RYE,MT
110320,,80,FLOUR OF MILLET,MT
110320,,84,FLOUR OF SORGHUM,MT
110320,,90,FLOUR OF BUCKWHEAT,MT
110320,,95,FLOUR OF FONIO,MT
110320,,98,FLOUR OF TRITICALE,MT
110320,,104,FLOUR OF MIXED GRAIN,MT
110320,,111,FLOUR OF CEREALS,MT
110412,,76,OATS ROLLED,MT
110419,,45,POT BARLEY,MT
110419,,46,BARLEY PEARLED,MT
110419,,113,"CEREAL PREPARATIONS, NES",MT
110422,,76,OATS ROLLED,MT
110423,,113,"CEREAL PREPARATIONS, NES",MT
110429,,21,BULGUR,MT
110429,,45,POT BARLEY,MT
110429,,46,BARLEY PEARLED,MT
110429,,113,"CEREAL PREPARATIONS, NES",MT
110430,,19,GERM OF WHEAT,MT
110430,,57,GERM OF MAIZE,MT
110510,,117,POTATOES FLOUR,MT
110520,,117,POTATOES FLOUR,MT
110610,,212,FLOUR OF PULSES,MT
110620,,126,FLOUR OF CASSAVA,MT
110620,,150,FLOUR OF ROOTS AND TUBERS,MT
110630,,624,FLOUR OF FRUITS,MT
110710,,49,MALT,MT
110720,,49,MALT,MT
110811,,23,STARCH OF WHEAT,MT
110812,,64,STARCH OF MAIZE,MT
110813,,119,STARCH OF POTATOES,MT
110814,,129,CASSAVA STARCH,MT
110819,,34,STARCH OF RICE,MT
110900,,24,GLUTEN OF WHEAT,MT
120110,,236,SOYBEANS,MT
120190,,236,SOYBEANS,MT
120230,,242,GROUNDNUTS IN SHELL,MT
120241,,242,GROUNDNUTS IN SHELL,MT
120242,,243,GROUNDNUTS SHELLED,MT
120300,,251,COPRA,MT
120400,,333,LINSEED,MT
120510,,270,RAPESEED,MT
120590,,270,RAPESEED,MT
120600,,267,SUNFLOWER SEED,MT
120710,,256,PALMNUT KERNELS,MT
120721,,329,COTTONSEED,MT
120729,,329,COTTONSEED,MT
120730,,265,CASTOR BEANS,MT
120740,,289,SESAME SEED,MT
120750,,292,MUSTARD SEED,MT
120760,,280,SAFFLOWER SEED,MT
120770,,299,Melonseeds,MT
120791,,296,POPPY SEED,MT
120799,,263,KARITE NUTS (SHEANUTS),MT
120799,,275,TUNG NUTS,MT
120799,,277,JOJOBA SEEDS,MT
120799,,305,TALLOWTREE SEEDS,MT
120799,,311,KAPOKSEED IN SHELL,MT
120799,,312,KAPOKSEED SHELLED,MT
120799,,336,HEMPSEED,MT
120799,,339,"OILSEEDS, NES",MT
120810,,343,FLOUR OF OILSEEDS,MT
120890,,343,FLOUR OF OILSEEDS,MT
120910,,1294,SEEDS FOR PLANTING,MT
120921,,1294,SEEDS FOR PLANTING,MT
120922,,1294,SEEDS FOR PLANTING,MT
120923,,1294,SEEDS FOR PLANTING,MT
120924,,1294,SEEDS FOR PLANTING,MT
120925,,1294,SEEDS FOR PLANTING,MT
120929,,1294,SEEDS FOR PLANTING,MT
120930,,1294,SEEDS FOR PLANTING,MT
120991,,1294,SEEDS FOR PLANTING,MT
120999,,1294,SEEDS FOR PLANTING,MT
121010,,677,HOPS,MT
121020,,677,HOPS,MT
121120,,1293,CRUDE MATERIALS,$ VALUE only
121130,,1293,CRUDE MATERIALS,$ VALUE only
121140,,1293,CRUDE MATERIALS,$ VALUE only
121190,,748,PEPPERMINT,MT
121190,,754,"PYRETHRUM,DRIED",MT
121190,,756,PYRETHRUM Marc,MT
121190,,1293,CRUDE MATERIALS,$ VALUE only
121221,,1293,CRUDE MATERIALS,$ VALUE only
121229,,1293,CRUDE MATERIALS,$ VALUE only
121291,,157,SUGAR BEET,MT
121292,,461,Carobs,MT
121293,,156,SUGAR CANE,MT
121294,,459,CHICORY ROOTS,MT
121299,,161,"SUGAR CROPS, NES",MT
121299,,460,VEG.PROD.FRESH OR DRIED,MT
121300,,635,STRAW HUSKS,MT
121410,,862,alfalfa meal and pellets,MT
121490,,205,VETCHES,MT
121490,,210,LUPINS,MT
121490,,636,MAIZE FOR FORAGE;SILAGE,MT
121490,,637,SORGUM FOR FORAGE; SILAGE,MT
121490,,638,RYE GRASS FOR FORAGE; SIL.,MT
121490,,639,GRASSES NES FOR FORAGE;SIL,MT
121490,,640,CLOVER FOR FORAGE;SILAGE,MT
121490,,641,ALFALFA FOR FORAGE;SILAGE,MT
121490,,642,GREEN OILSEEDS FOR SILAGE,MT
121490,,643,LEGUMINOUS FOR SILAGE,MT
121490,,644,CABBAGE FOR FODDER,MT
121490,,645,PUMPKINS FOR FODDER,MT
121490,,646,TURNIPS FOR FODDER,MT
121490,,647,BEETS FOR FODDER,MT
121490,,648,CARROTS FOR FODDER,MT
121490,,649,SWEDES FOR FODDER,MT
121490,,651,FORAGE PRODUCTS,MT
121490,,655,VEGETABLES ROOTS FODDER,MT
121490,,857,HAY NON LEGUM,MT
121490,,858,"HAY (CLOVER, LUCERNE,ETC)",MT
121490,,859,HAY (UNSPECIFIED),MT
130120,,1291,ARABIC GUMS,MT
130190,,1292,OTHER RESINS,MT
130211,,1293,CRUDE MATERIALS,$ VALUE only
130212,,1293,CRUDE MATERIALS,$ VALUE only
130213,,1293,CRUDE MATERIALS,$ VALUE only
130219,,1293,CRUDE MATERIALS,$ VALUE only
130220,,1293,CRUDE MATERIALS,$ VALUE only
130231,,1293,CRUDE MATERIALS,$ VALUE only
130232,,1293,CRUDE MATERIALS,$ VALUE only
130239,,1293,CRUDE MATERIALS,$ VALUE only
140110,,1293,CRUDE MATERIALS,$ VALUE only
140120,,1293,CRUDE MATERIALS,$ VALUE only
140190,,1293,CRUDE MATERIALS,$ VALUE only
140420,,770,COTTON LINTER,MT
140490,,1293,CRUDE MATERIALS,$ VALUE only
150110,,1043,LARD,MT
150120,,1043,LARD,MT
150190,,1066,FAT OF PTRY REND,MT
150210,,1225,TALLOW,MT
150290,,869,FAT OF CATTLE,MT
150290,,871,CATTLE BUTCH.FAT,MT
150290,,949,FAT OF BUFFALOES,MT
150290,,979,FAT OF SHEEP,MT
150290,,1019,FAT OF GOATS,MT
150300,,1221,LARD STEARINE OIL,MT
150410,,1223,"OIL FISH,MAR MAMM",MT
150420,,1223,"OIL FISH,MAR MAMM",MT
150430,,1223,"OIL FISH,MAR MAMM",MT
150500,,994,GREASE INCL.,MT
150600,,1129,FAT OF CAMELS,MT
150600,,1160,FAT OTHER CAM,MT
150600,,1168,"OILS,FATS OF ANIMAL NES",MT
150710,,237,OIL OF SOYBEANS,MT
150790,,237,OIL OF SOYBEANS,MT
150810,,244,OIL OF GROUNDNUTS,MT
150890,,244,OIL OF GROUNDNUTS,MT
150910,,261,"OIL OF OLIVES, VIRGIN",MT
150990,,261,"OIL OF OLIVES, VIRGIN",MT
151000,,274,OIL OF OLIVE RESIDUES,MT
151110,,257,OIL OF PALM,MT
151190,,257,OIL OF PALM,MT
151211,,268,OIL OF SUNFLOWER SEED,MT
151211,,281,OIL OF SAFFLOWER SEED,MT
151219,,268,OIL OF SUNFLOWER SEED,MT
151219,,281,OIL OF SAFFLOWER SEED,MT
151221,,331,OIL OF COTTONSEED,MT
151229,,331,OIL OF COTTONSEED,MT
151311,,252,OIL OF COCONUTS,MT
151319,,252,OIL OF COCONUTS,MT
151321,,258,OIL PALM KERNEL,MT
151329,,258,OIL PALM KERNEL,MT
151411,,271,OIL OF RAPESEED,MT
151411,,293,OIL OF MUSTARD SEED,MT
151419,,271,OIL OF RAPESEED,MT
151419,,293,OIL OF MUSTARD SEED,MT
151491,,271,OIL OF RAPESEED,MT
151491,,293,OIL OF MUSTARD SEED,MT
151499,,271,OIL OF RAPESEED,MT
151499,,293,OIL OF MUSTARD SEED,MT
151511,,334,OIL OF LINSEED,MT
151519,,334,OIL OF LINSEED,MT
151521,,60,OIL OF MAIZE,MT
151529,,60,OIL OF MAIZE,MT
151530,,266,OIL OF CASTOR BEANS,MT
151550,,290,OIL OF SESAME SEED,MT
151590,,36,OIL OF RICE BRAN,MT
151590,,264,BUTTER OF KARITE NUTS,MT
151590,,278,OIL OF JOJOBA,MT
151590,,297,OIL OF POPPY SEED,MT
151590,,306,VEGETABLE TALLOW,MT
151590,,307,STILLINGIA OIL,MT
151590,,313,OIL OF KAPOK,MT
151590,,337,OIL OF HEMPSEED,MT
151590,,340,"OIL OF VEGETABLE ORIGIN, NES",MT
151610,,1275,OIL HYDROGENATED,MT
151620,,1273,castor oil hydr (opal wax,MT
151620,,1275,OIL HYDROGENATED,MT
151710,,1242,MARGARINE SHORT,MT
151790,,1241,LIQUID MARGARINE,MT
151790,,1243,FAT PREP NES,MT
151800,,1274,OIL BOILED ETC,MT
152110,,1296,WAXES VEGETABLE,MT
152190,,1183,BEESWAX,MT
152190,,1295,SPERMACETI,MT
152200,,1222,DEGRAS,MT
152200,,1277,RES.FATTY SUBS,MT
160100,,874,SAUSAGE BEEF&VEAL,MT
160100,,1041,SAUSAGES OF PIG MEAT,MT
160210,,877,homogen.meat prp.,MT
160220,,878,liver prep.,MT
160220,,1060,fat liver prep (foie gras,MT
160231,,1061,MEAT OF CHIK CAN,MT
160232,,1061,MEAT OF CHIK CAN,MT
160239,,1061,MEAT OF CHIK CAN,MT
160241,,1042,PREP OF PIG MEAT,MT
160242,,1042,PREP OF PIG MEAT,MT
160249,,1042,PREP OF PIG MEAT,MT
160250,,875,PREPARATIONS OF BEEF MEAT,MT
160290,,1172,PREPARED MEAT NES,MT
160300,,873,MEAT EXTRACTS,MT
170112,,162,SUGAR RAW CENTRIFUGAL,MT
170112,,163,SUGAR NON- CENTRIFUGAL,MT
170113,,162,SUGAR RAW CENTRIFUGAL,MT
170113,,163,SUGAR NON- CENTRIFUGAL,MT
170114,,162,SUGAR RAW CENTRIFUGAL,MT
170114,,163,SUGAR NON- CENTRIFUGAL,MT
170191,,164,SUGAR REFINED,MT
170199,,164,SUGAR REFINED,MT
170211,,173,LACTOSE,MT
170219,,173,LACTOSE,MT
170220,,160,MAPLE SUGAR AND SYRUPS,MT
170230,,172,GLUCOSE AND DEXTROSE,MT
170240,,172,GLUCOSE AND DEXTROSE,MT
170250,,154,FRUCTOSE CHEMICALLY PURE,MT
170260,,166,OTHER FRUCTOSE AND SYRUP,MT
170290,,155,MALTOSE CHEMICALLY PURE,MT
170290,,167,"SUGAR AND SYRUPS, NES",MT
170290,,175,ISOGLUCOSE,MT
170310,,165,MOLASSES,MT
170390,,165,MOLASSES,MT
170410,,168,SUGAR CONFECTIONERY,MT
170490,,168,SUGAR CONFECTIONERY,MT
180100,,661,COCOA BEANS,MT
180200,,663,COCOAHUSKS;SHELL,MT
180310,,662,COCOA PASTE,MT
180320,,665,COCOAPOWDER&CAKE,MT
180400,,664,COCOA BUTTER,MT
180500,,665,COCOAPOWDER&CAKE,MT
180610,,666,CHOCOLATE PRSNES,MT
180620,,666,CHOCOLATE PRSNES,MT
180631,,666,CHOCOLATE PRSNES,MT
180632,,666,CHOCOLATE PRSNES,MT
180690,,666,CHOCOLATE PRSNES,MT
190110,,109,INFANT FOOD,MT
190120,,114,MIXES AND DOUGHS,MT
190190,,50,MALT EXTRACT,MT
190190,,115,"FOOD PREPARED,FLOUR,MALT EXTRACT",MT
190211,,18,MACARONI,MT
190219,,18,MACARONI,MT
190220,,1232,FOOD PREP NES,Mt
190230,,1232,FOOD PREP NES,Mt
190240,,1232,FOOD PREP NES,Mt
190300,,121,TAPIOCA OF POTATOES,MT
190300,,127,TAPIOCA OF CASSAVA,MT
190410,,41,BREAKFAST CEREALS,MT
190420,,41,BREAKFAST CEREALS,MT
190430,,41,BREAKFAST CEREALS,MT
190490,,41,BREAKFAST CEREALS,MT
190510,,20,BREAD,MT
190520,,22,PASTRY,MT
190531,,22,PASTRY,MT
190532,,110,WAFERS,MT
190540,,20,BREAD,MT
190590,,22,PASTRY,MT
190590,,110,WAFERS,MT
200110,,471,VEGETABLES IN VINEGAR,MT
200190,,262,OLIVES PRESERVED,MT
200190,,471,VEGETABLES IN VINEGAR,MT
200210,,392,TOMATO PEELED,MT
200290,,391,PASTE OF TOMATOES,MT
200310,,451,CANNED MUSHROOMS,MT
200390,,451,CANNED MUSHROOMS,MT
200410,,118,FROZEN POTATOES,MT
200490,,262,OLIVES PRESERVED,MT
200490,,447,SWEET CORN FROZEN,MT
200490,,475,veg.prep. or pres.frozen,MT
200510,,476,homogen.veget. prep,MT
200520,,472,VEGETABLES PRESERVED NES,MT
200540,,472,VEGETABLES PRESERVED NES,MT
200551,,472,VEGETABLES PRESERVED NES,MT
200559,,472,VEGETABLES PRESERVED NES,MT
200560,,472,VEGETABLES PRESERVED NES,MT
200570,,262,OLIVES PRESERVED,MT
200580,,448,SWEET CORN PREPARED OR PRESERVED,MT
200591,,472,VEGETABLES PRESERVED NES,MT
200599,,472,VEGETABLES PRESERVED NES,MT
200600,,625,"fruit,nut,peel, sugar prs",MT
200710,,626,homogen.cooked fruit prp,MT
200791,,623,FRUIT Prp NES,MT
200799,,623,FRUIT Prp NES,MT
200811,,246,PREPARED GROUNDNUTS,MT
200811,,247,PEANUT BUTTER,MT
200819,,235,PREPARED NUTS (EXCL.GROUNDNUTS),MT
200820,,575,PINEAPPLES CAND,MT
200830,,623,FRUIT Prp NES,MT
200840,,623,FRUIT Prp NES,MT
200850,,623,FRUIT Prp NES,MT
200860,,623,FRUIT Prp NES,MT
200870,,623,FRUIT Prp NES,MT
200880,,623,FRUIT Prp NES,MT
200891,,623,FRUIT Prp NES,MT
200893,,623,FRUIT Prp NES,MT
200897,,623,FRUIT Prp NES,MT
200899,,584,MANGO PULP,MT
200899,,623,FRUIT Prp NES,MT
200911,,492,orangejuice concentrated,MT
200911,,491,JUICE OF ORANGES,MT
200912,,491,JUICE OF ORANGES,MT
200919,,492,ORANJUICE CONCENTRATED,MT
200921,,509,JUICE OF GRAPEFRUIT,MT
200929,,510,GRAPEFRUITJUICE COCENTR,MT
200931,,496,TANGERINE JUICE,mt
200931,,498,LEMONJUOCE  SINGLE-STRENGTH,MT
200931,,513,JUICE OF CITRUS FRUIT NES,MT
200939,,499,LEMONJUOCE  CONCENTRATED,MT
200939,,514,CITRUSJUICE CONC.,MT
200941,,576,JUICE OF PINEAPPLES,MT
200949,,580,PINEAPPLE JUICE CONC,MT
200950,,389,TOMATOJUICE CONCENTRATED,MT
200950,,390,JUICE OF TOMATOES,MT
200961,,562,grape juice,MT
200969,,562,grape juice,MT
200971,,518,APPLEJUICE SINGLE STRENG,MT
200979,,519,APPLEJUICE CONCENTRATED,MT
200981,,622,FRUIT JUICE NES,MT
200989,,466,JUICE OF VEGETABLES NES,MT
200989,,538,PLUMJUICE SINGLE-STRENGT,MT
200989,,539,PLUMJUICE CONC.,MT
200989,,583,MANGO JUICE,MT
200989,,622,FRUIT JUICE NES,MT
200990,,466,JUICE OF VEGETABLES NES,MT
200990,,622,FRUIT JUICE NES,MT
210111,,659,COFFEE EXTRACTS,MT
210112,,659,COFFEE EXTRACTS,MT
210120,,672,"extracts tea, mate,prep.",MT
210130,,659,COFFEE EXTRACTS,MT
210210,,1232,FOOD PREP NES,Mt
210220,,1232,FOOD PREP NES,Mt
210230,,1232,FOOD PREP NES,Mt
210310,,239,SOYA SAUCE,MT
210320,,1232,FOOD PREP NES,Mt
210330,,295,FLOUR OF MUSTARD,MT
210390,,240,SOYA PASTE,MT
210390,,1232,FOOD PREP NES,Mt
210410,,1232,FOOD PREP NES,Mt
210420,,1232,FOOD PREP NES,Mt
210500,,910,ice cream and edible ice,MT
210610,,240,SOYA PASTE,MT
210610,,241,SOYA CURD,MT
210610,,1232,FOOD PREP NES,Mt
210690,,674,TEA NES,MT
210690,,1232,FOOD PREP NES,Mt
220110,,631,"WATERS,ICE ETC",MT
220190,,631,"WATERS,ICE ETC",MT
220210,,633,BEVERAGE NON-ALC,MT
220290,,633,BEVERAGE NON-ALC,MT
220300,,51,BEER OF BARLEY,MT
220300,,66,BEER OF MAIZE,MT
220300,,82,BEER OF MILLET,MT
220300,,86,BEER OF SORGHUM,MT
220410,,564,WINE,MT
220421,,564,WINE,MT
220429,,564,WINE,MT
220430,,563,MUST OF GRAPES,MT
220510,,565,VERMOUTHS&SIMILAR,MT
220590,,565,VERMOUTHS&SIMILAR,MT
220600,,26,WHEAT FERMENTED BEVERAGE,MT
220600,,39,RICE FERMENTED BEVERAGES,MT
220600,,517,CIDER ETC,MT
220710,,632,ALCOHOL NON FOOD,MT
220720,,632,ALCOHOL NON FOOD,MT
220820,,634,BEVER. DIST.ALC,MT
220830,,634,BEVER. DIST.ALC,MT
220840,,634,BEVER. DIST.ALC,MT
220850,,634,BEVER. DIST.ALC,MT
220860,,634,BEVER. DIST.ALC,MT
220870,,634,BEVER. DIST.ALC,MT
220890,,634,BEVER. DIST.ALC,MT
220900,,1232,FOOD PREP NES,Mt
230110,,1173,MEAL MEAT,MT
230120,,1174,MEAL FISH,MT
230210,,59,BRAN OF MAIZE,MT
230230,,17,BRAN OF WHEAT,MT
230240,,47,BRAN OF BARLEY,MT
230240,,73,BRAN OF RYE,MT
230240,,77,BRAN OF OATS,MT
230240,,81,BRAN OF MILLET,MT
230240,,85,BRAN OF SORGHUM,MT
230240,,91,BRAN BUCKWHEAT,MT
230240,,96,BRAN OF FONIO,MT
230240,,99,BRAN OF TRITICALE,MT
230240,,105,BRAN OF MIXED GRAINS,MT
230240,,112,BRAN OF CEREALS,MT
230250,,213,BRAN OF PULSES,MT
230310,,846,GLUTEN FEED&MEAL,MT
230320,,169,BEET PULP,MT
230320,,170,BAGASSE,MT
230330,,654,DREGS FROM BREWING;DIST.,MT
230400,,238,CAKE OF SOYBEANS,MT
230500,,245,CAKE OF GROUNDNUTS,MT
230610,,332,CAKE OF COTTONSEED,MT
230620,,335,CAKE OF LINSEED,MT
230630,,269,SUNFLOWER CAKE,MT
230641,,272,CAKE OF RAPESEED,MT
230649,,272,CAKE OF RAPESEED,MT
230650,,253,CAKE OF COPRA,MT
230660,,259,CAKE OF PALM KERNEL,MT
230690,,37,CAKE RICE BRAN,MT
230690,,273,OLIVE RESIDUES,MT
230690,,282,CAKE SAFFLOWER,MT
230690,,291,CAKE OF SESAME SEED,MT
230690,,294,CAKE OF MUSTARD,MT
230690,,298,CAKE OF POPPY SEED,MT
230690,,314,CAKE OF KAPOK,MT
230690,,338,CAKE OF HEMPSEED,MT
230690,,341,"CAKE OF OILSEEDS, NES",MT
230700,,653,FOOD WASTES,MT
230800,,120,POTATO OFFALS,MT
230800,,566,MARC OF GRAPES,MT
230800,,628,PULP OF FRUIT FOR FEED,MT
230800,,629,BEET TOPS,MT
230800,,630,CANE TOPS,MT
230800,,650,"LEAVES&TOPS,VINES",MT
230800,,652,VEG PROD FOR FEED,MT
230800,,652,VEG PROD FOR FEED,MT
230910,,843,PET FOOD,MT
230990,,653,FOOD WASTES,MT
230990,,840,"COMPOUND FEED, CATTLE",MT
230990,,841,"CMPD FEED,POULTRY",MT
230990,,842,"CMPD FEED,PIGS",MT
230990,,843,PET FOOD,MT
230990,,845,"CMPD FEED,OTH OR NES",MT
230990,,849,FEED YEAST,MT
230990,,850,FEED SUPPLEMENTS,MT
230990,,851,NON PROTEIN NITROGENS,MT
230990,,852,"OTHER CONC, NES",MT
230990,,853,VITAMINS,MT
230990,,854,FEED ADDITIVES,MT
230990,,855,FEED MINERALS,MT
230990,,1259,"FOOD WASTE,PREP. FOR FEED",MT
240110,,826,TOBACCO UNMANFCTED,MT
240120,,826,TOBACCO UNMANFCTED,MT
240130,,826,TOBACCO UNMANFCTED,MT
240210,,829,CIGARS CHEROOTS,MT
240220,,828,CIGARETTES,MT
240290,,828,CIGARETTES,MT
240290,,829,CIGARS CHEROOTS,MT
240311,,831,TOBACCO PRS NES,MT
240319,,831,TOBACCO PRS NES,MT
240391,,831,TOBACCO PRS NES,MT
240399,,831,TOBACCO PRS NES,MT
330112,,753,OIL ESSENTIAL NES,MT
330113,,753,OIL ESSENTIAL NES,MT
330119,,753,OIL ESSENTIAL NES,MT
330124,,753,OIL ESSENTIAL NES,MT
330125,,753,OIL ESSENTIAL NES,MT
330129,,737,OIL CITRONELLA,MT
330129,,753,OIL ESSENTIAL NES,MT
330130,,753,OIL ESSENTIAL NES,MT
330190,,753,OIL ESSENTIAL NES,MT
350110,,917,CASEIN,MT
350190,,917,CASEIN,MT
350211,,916,egg albumin,MT
350219,,916,egg albumin,MT
382311,,1276,FATTY ACIDS,MT
382312,,1276,FATTY ACIDS,MT
382313,,1276,FATTY ACIDS,MT
382319,,1276,FATTY ACIDS,MT
400110,,836,RUBBER NAT LATEX,MT
400121,,837,RUBBER NAT DRY,MT
400122,,837,RUBBER NAT DRY,MT
400129,,837,RUBBER NAT DRY,MT
400130,,839,GUMS NATURAL,MT
410120,,920,HIDES WET SALTED CATTLE,MT
410120,,921,HIDESDRY S.CATTLE,MT
410120,,922,HIDES NES CATTLE,MT
410120,,928,SKINS WET SALTED CALVES,MT
410120,,929,SKINSDRY S.CALVES,MT
410120,,930,SKINS NES CALVES,MT
410120,,958,HIDES WET SALTED BUFFALOES,MT
410120,,959,HIDES DRYSALT BUF,MT
410120,,1103,HIDES WET SALTED HORSES,MT
410120,,1104,HIDES DRY SLT HORSES,MT
410120,,1105,HIDES UNSP HORSE,MT
410150,,920,HIDES WET SALTED CATTLE,MT
410150,,921,HIDESDRY S.CATTLE,MT
410150,,1103,HIDES WET SALTED HORSES,MT
410190,,920,HIDES WET SALTED CATTLE,MT
410190,,921,HIDESDRY S.CATTLE,MT
410190,,1103,HIDES WET SALTED HORSES,MT
410210,,999,SKINS WITH WOOL SHEEP,MT
410221,,996,SKINSWET SALTED,MT
410221,,997,SKINSDRY SLTSHEEP,MT
410221,,998,SKINS NES SHEEP,MT
410229,,996,SKINSWET SALTED,MT
410229,,997,SKINSDRY SLTSHEEP,MT
410229,,998,SKINS NES SHEEP,MT
410320,,1214,HIDES WET SALTED NES,MT
410320,,1215,HIDES DRY SLT NES,MT
410320,,1216,HIDES NES,MT
410330,,1045,SKINSWET SLTDPIGS,MT
410390,,1045,SKINSWET SLTDPIGS,MT
410390,,1046,SKINSDRY SLTDPIGS,MT
410390,,1047,SKINS NES PIGS,MT
410390,,1134,HIDES WET SALTED CAMELS,MT
410390,,1135,HIDESDRY SLT CAM,MT
410390,,1136,HIDES UNSP CAMELS,MT
410390,,1214,HIDES WET SALTED NES,MT
410390,,1215,HIDES DRY SLT NES,MT
410390,,1216,HIDES NES,MT
411520,,1217,LEATHER USE&WASTE,MT
430110,,1195,SKIN FURS,MT
430130,,1002,CARAKUL SKINS,MT
430160,,1195,SKIN FURS,MT
430180,,1146,SKINS OF RABBITS,MT
430180,,1195,SKIN FURS,MT
430190,,1195,SKIN FURS,MT
500100,,1185,COCOONS REELABLE,MT
500200,,1186,SILK RAW,MT
500300,,1187,COCOON UNR.&WASTE,MT
510111,,987,WOOL GREASY,MT
510119,,987,WOOL GREASY,MT
510121,,988,WOOL DEGREASED,MT
510129,,988,WOOL DEGREASED,MT
510130,,988,WOOL DEGREASED,MT
510211,,1030,FINE GOAT HAIR,MT
510211,,1218,HAIR FINE,MT
510219,,1030,FINE GOAT HAIR,MT
510219,,1218,HAIR FINE,MT
510220,,1031,COARSE GOAT HAIR,MT
510220,,1219,HAIR COARSE NES,MT
510310,,1009,WOOL;HAIR WASTE,MT
510320,,1009,WOOL;HAIR WASTE,MT
510330,,1009,WOOL;HAIR WASTE,MT
510400,,1007,WOOL SHODDY,MT
510510,,1008,HAIR CARDED/ COMBED,MT
510521,,1008,HAIR CARDED/ COMBED,MT
510529,,1008,HAIR CARDED/ COMBED,MT
510529,,1010,wool tops,MT
510531,,1008,HAIR CARDED/ COMBED,MT
510539,,1008,HAIR CARDED/ COMBED,MT
510540,,1008,HAIR CARDED/ COMBED,MT
520100,,767,COTTON LINT,MT
520210,,769,COTTON WASTE,MT
520291,,769,COTTON WASTE,MT
520299,,769,COTTON WASTE,MT
520300,,768,"COTTON CARDED,COMBED",MT
530110,,771,FLAX FIBRE RAW,MT
530121,,773,FLAX FIBRE & TOW,MT
530129,,773,FLAX FIBRE & TOW,MT
530130,,774,FLAX TOW WASTE,MT
530210,,777,HEMP TOW WASTE,MT
530290,,777,HEMP TOW WASTE,MT
530310,,780,JUTE,MT
530310,,782,OTHER BASTFIBRES,MT
530390,,780,JUTE,MT
530390,,782,OTHER BASTFIBRES,MT
530500,,809,MANILA FIBRE (ABACA),MT
530500,,821,FIBRE CROPS NES,MT
530810,,813,COIR,MT
